source,series,code,title,country,year,survey_id,url,filename,size_bytes
DHS,Working Papers,WP1,"Maternal Education, Use of Health Services, and Child Survival: An Analysis of Data from the Bolivia DHS Survey (English)",,,,https://dhsprogram.com/pubs/pdf/WP1/WP1.pdf,WP1.pdf,
DHS,Working Papers,WP2,The Relationship of Service Availability to Contraceptive Use in Rural Guatemala (English),,,,https://dhsprogram.com/pubs/pdf/WP2/WP2.pdf,WP2.pdf,
DHS,Working Papers,WP3,Age and Birth Data Reporting in Thailand: Evidence from the 1987 Demographic and Health Survey (English),,,,https://dhsprogram.com/pubs/pdf/WP3/WP3.pdf,WP3.pdf,
DHS,Working Papers,WP4,The Mass Media and Family Planning in Kenya (English),,,,https://dhsprogram.com/pubs/pdf/WP4/WP4.pdf,WP4.pdf,
DHS,Working Papers,WP5,Sexual Initiation and Premarital Childbearing in Sub-Saharan Africa (English),,,,https://dhsprogram.com/pubs/pdf/WP5/WP5.pdf,WP5.pdf,
DHS,Working Papers,WP6,Impact of Rural-Urban Migration on Migrant Fertility in Senegal (English),,,,https://dhsprogram.com/pubs/pdf/WP6/WP6.pdf,WP6.pdf,
DHS,Working Papers,WP7,Ideal Family Size: A Comparative Study of Numerical and Non-numerical Fertility Desires of Women in Two sub-Saharan African Countries (English),,,,https://dhsprogram.com/pubs/pdf/WP7/WP7.pdf,WP7.pdf,
DHS,Working Papers,WP8,"Rural-to-Urban Migration in Bolivia and Peru: Association with Child Mortality, Breastfeeding Cessation, Maternal Care, and Contraception (English)",,,,https://dhsprogram.com/pubs/pdf/WP8/WP8.pdf,WP8.pdf,
DHS,Working Papers,WP9,Residential Mobility and Contraceptive Use in Northeastern Brazil (English),,,,https://dhsprogram.com/pubs/pdf/WP9/WP9.pdf,WP9.pdf,
DHS,Working Papers,WP10,Women's Education and Fertility in Latin America: Exploring the Significance of Education for Women's Lives (English),,,,https://dhsprogram.com/pubs/pdf/WP10/WP10.pdf,WP10.pdf,
DHS,Working Papers,WP11,The Role of Mass Media in Family Planning Promotion in Nigeria (English),,,,https://dhsprogram.com/pubs/pdf/WP11/WP11.pdf,WP11.pdf,
DHS,Working Papers,WP12,Social Strata and its Influence on the Determinants of Reproductive Behavior in Bolivia (English),,,,https://dhsprogram.com/pubs/pdf/WP12/WP12.pdf,WP12.pdf,
DHS,Working Papers,WP13,Características Socioeconómicas y Culturales de las Mujeres con Necesidad Insatisfecha en Anticoncepción y su Relación con los Diferenciales de la Fecundidad (Spanish),,,,https://dhsprogram.com/pubs/pdf/WP13/WP13.pdf,WP13.pdf,
DHS,Working Papers,WP14,"Community Characteristics, Individual Attributes, and Child Survival in Brazil (English)",,,,https://dhsprogram.com/pubs/pdf/WP14/WP14.pdf,WP14.pdf,
DHS,Working Papers,WP15,"Marital Fertility in Brazil: Differential by Type of Union and its Importance in the Fertility Transition, 1976-1991 (English)",,,,https://dhsprogram.com/pubs/pdf/WP15/WP15.pdf,WP15.pdf,
DHS,Working Papers,WP16,"Nuptiality Patterns, Sexual Activity and Fertility in Nigeria (English)",,,,https://dhsprogram.com/pubs/pdf/WP16/WP16.pdf,WP16.pdf,
DHS,Working Papers,WP17,Mortalidad Infantil y Educación Materna en República Dominicana: Décadas de los 70 y los 80 (Spanish),,,,https://dhsprogram.com/pubs/pdf/WP17/WP17.pdf,WP17.pdf,
DHS,Working Papers,WP18,"Contraceptive Discontinuation, Failure, and Switching Behavior in the Philippines (English)",,,,https://dhsprogram.com/pubs/pdf/WP18/WP18.pdf,WP18.pdf,
DHS,Working Papers,WP19,Accuracy of DHS-II Demographic Data: Gains and Losses in Comparison with Earlier Surveys (English),,,,https://dhsprogram.com/pubs/pdf/WP19/WP19.pdf,WP19.pdf,
DHS,Working Papers,WP20,Contraceptive Use Dynamics in Indonesia (English),,,,https://dhsprogram.com/pubs/pdf/WP20/WP20.pdf,WP20.pdf,
DHS,Working Papers,WP21,Contraceptive Use Dynamics in Bangladesh (English),,,,https://dhsprogram.com/pubs/pdf/WP21/WP21.pdf,WP21.pdf,
DHS,Working Papers,WP22,Informed Respondent Approach to Data Collection: An Experimental Study in Nepal (English),,,,https://dhsprogram.com/pubs/pdf/WP22/WP22.pdf,WP22.pdf,
DHS,Working Papers,WP23,Reproductive Behavior in Muslim Countries (English),,,,https://dhsprogram.com/pubs/pdf/WP23/WP23.pdf,WP23.pdf,
DHS,Working Papers,WP24,Education and Nutritional Status of Orphans and Children of HIV-Infected Parents in Kenya (English),,,,https://dhsprogram.com/pubs/pdf/WP24/WP24.pdf,WP24.pdf,
DHS,Working Papers,WP25,Epidemiology of Obesity and Hypertension in Uzbekistan (English),,,,https://dhsprogram.com/pubs/pdf/WP25/WP25.pdf,WP25.pdf,
DHS,Working Papers,WP26,Under-five Mortality Trends in Africa: Reconstruction from Demographic Sample Surveys (English),,,,https://dhsprogram.com/pubs/pdf/WP26/WP26.pdf,WP26.pdf,
DHS,Working Papers,WP27,Spatial Modeling of HIV Prevalence in Kenya (English),,,,https://dhsprogram.com/pubs/pdf/WP27/WP27.pdf,WP27.pdf,
DHS,Working Papers,WP28,The Effect of Antenatal Care on Professional Assistance at Delivery in Rural India (English),,,,https://dhsprogram.com/pubs/pdf/WP28/WP28.pdf,WP28.pdf,
DHS,Working Papers,WP29,Does biofuel smoke contribute to anemia and stunting in early childhood? (English),,,,https://dhsprogram.com/pubs/pdf/WP29/WP29.pdf,WP29.pdf,
DHS,Working Papers,WP30,Optimal Sample Sizes for Two-stage Cluster Sampling in Demographic and Health Surveys (English),,,,https://dhsprogram.com/pubs/pdf/WP30/WP30.pdf,WP30.pdf,
DHS,Working Papers,WP31,A study of the association of HIV infection with wealth in sub-Saharan Africa (English),,,,https://dhsprogram.com/pubs/pdf/WP31/WP31.pdf,WP31.pdf,
DHS,Working Papers,WP32,Desire for Children and Unmet Need for Contraception among HIV-Positive Women in Lesotho (English),,,,https://dhsprogram.com/pubs/pdf/WP32/WP32.pdf,WP32.pdf,
DHS,Working Papers,WP33,HIV Status and Age at First Marriage among Women in Cameroon (English),,,,https://dhsprogram.com/pubs/pdf/WP33/WP33.pdf,WP33.pdf,
DHS,Working Papers,WP34,Men's Condom Use in Higher-Risk Sex: Trends and Determinants in Five Sub-Saharan Countries (English),,,,https://dhsprogram.com/pubs/pdf/WP34/WP34.pdf,WP34.pdf,
DHS,Working Papers,WP35,Spousal Agreement on Waiting Time to Next Birth in Sub-Saharan Africa (English),,,,https://dhsprogram.com/pubs/pdf/WP35/WP35.pdf,WP35.pdf,
DHS,Working Papers,WP36,Trends in Primary and Secondary Abstinence among Kenyan Youth (English),,,,https://dhsprogram.com/pubs/pdf/WP36/WP36.pdf,WP36.pdf,
DHS,Working Papers,WP37,The Impact of Conflict on Age at Marriage and Childbirth in Rwanda (English),,,,https://dhsprogram.com/pubs/pdf/WP37/WP37.pdf,WP37.pdf,
DHS,Working Papers,WP38,Internal Migration and the Use of Reproductive and Child Health Services in Peru (English),,,,https://dhsprogram.com/pubs/pdf/WP38/WP38.pdf,WP38.pdf,
DHS,Working Papers,WP39,Numbers of women circumcised in Africa: The Production of a Total (English),,,,https://dhsprogram.com/pubs/pdf/WP39/WP39.pdf,WP39.pdf,
DHS,Working Papers,WP40,"The Effect of Family Size and Composition on Fertility Desires, Contraceptive Adoption, and Method Choice in South Asia (English)",,,,https://dhsprogram.com/pubs/pdf/WP40/WP40.pdf,WP40.pdf,
DHS,Working Papers,WP41,"Further Evidence of the Effects of Preceding Birth Intervals on Neonatal, Infant, and Under-Five-Years Mortality and Nutritional Status in Developing Countries (English)",,,,https://dhsprogram.com/pubs/pdf/WP41/WP41.pdf,WP41.pdf,
DHS,Working Papers,WP42,The Association between Medical Injections and Prevalent HIV Infection: Evidence from a National Sero-Survey in Uganda (English),,,,https://dhsprogram.com/pubs/pdf/WP42/WP42.pdf,WP42.pdf,
DHS,Working Papers,WP43,What's in the Gap? Factors Associated with the Interval Between Age at First Sex and Age at First Marriage in Cameroon and Their Implications for Reproductive Health and Women's Empowerment (English),,,,https://dhsprogram.com/pubs/pdf/WP43/WP43.pdf,WP43.pdf,
DHS,Working Papers,WP44,Cross-National Variation in Attitudinal Measures of Gender Preference for Children: An Examination of Demographic and Health Surveys from 40 Countries (English),,,,https://dhsprogram.com/pubs/pdf/WP44/WP44.pdf,WP44.pdf,
DHS,Working Papers,WP45,Fertility Behavior in Armenia and Moldova: The Decline during the Post-Soviet Transition and Current Preferences (English),,,,https://dhsprogram.com/pubs/pdf/WP45/WP45.pdf,WP45.pdf,
DHS,Working Papers,WP46,Care and Support for Chronically Ill People in Rwanda and Côte d'Ivoire: Evidence from National Household Surveys (English),,,,https://dhsprogram.com/pubs/pdf/WP46/WP46.pdf,WP46.pdf,
DHS,Working Papers,WP47,Comparison of HIV Prevalence Estimates from Antenatal Care Surveillance and Population-Based Surveys in Sub-Saharan Africa (English),,,,https://dhsprogram.com/pubs/pdf/WP47/WP47.pdf,WP47.pdf,
DHS,Working Papers,WP48,Trends and Determinants of Adolescent Childbearing in Bangladesh (English),,,,https://dhsprogram.com/pubs/pdf/WP48/WP48.pdf,WP48.pdf,
DHS,Working Papers,WP49,AIDS Stigma and Uptake of HIV Testing in Zimbabwe (English),,,,https://dhsprogram.com/pubs/pdf/WP49/WP49.pdf,WP49.pdf,
DHS,Working Papers,WP50,Individual- and Community-level Determinants of Social Acceptance of People Living with HIV in Kenya: Results from a National Population-based Survey (English),,,,https://dhsprogram.com/pubs/pdf/WP50/WP50.pdf,WP50.pdf,
DHS,Working Papers,WP51,Guatemalan Regional Fertility Patterns 1987-2002 (English),,,,https://dhsprogram.com/pubs/pdf/WP51/WP51.pdf,WP51.pdf,
DHS,Working Papers,WP52,Marriage Age and Fertility Dynamics in India (English),,,,https://dhsprogram.com/pubs/pdf/WP52/WP52.pdf,WP52.pdf,
DHS,Working Papers,WP53,Determinants of Induced Abortion and its Consequences on Women's Reproductive Health: Findings from India's National Family Health Surveys (English),,,,https://dhsprogram.com/pubs/pdf/WP53/WP53.pdf,WP53.pdf,
DHS,Working Papers,WP54,"The Differential Impact of Wives' and Husbands' Education on Contraceptive Method Choice in Nepal, 1996-2006 (English)",,,,https://dhsprogram.com/pubs/pdf/WP54/WP54.pdf,WP54.pdf,
DHS,Working Papers,WP55,"Association Between Maternal Birth, and Newborn Characteristics and Neonatal Mortality in Five Asian Countries (English)",,,,https://dhsprogram.com/pubs/pdf/WP55/WP55.pdf,WP55.pdf,
DHS,Working Papers,WP56,Trends and Determinants of Unmet Need for Family Planning in Kenya (English),,,,https://dhsprogram.com/pubs/pdf/WP56/WP56.pdf,WP56.pdf,
DHS,Working Papers,WP57,Child Stunting Across Schooling and Fertility Transitions: Evidence from Sub-Saharan Africa (English),,,,https://dhsprogram.com/pubs/pdf/WP57/WP57.pdf,WP57.pdf,
DHS,Working Papers,WP58,Who Uses Insecticide-Treated Mosquito Nets? A Comparison of Seven Countries in Sub-Saharan Africa (English),,,,https://dhsprogram.com/pubs/pdf/WP58/WP58.pdf,WP58.pdf,
DHS,Working Papers,WP59,Factors Affecting Maternal Health Care Seeking Behavior in Rwanda (English),,,,https://dhsprogram.com/pubs/pdf/WP59/WP59.pdf,WP59.pdf,
DHS,Working Papers,WP60,The DHS Wealth Index: Approaches for Rural and Urban Areas (English),,,,https://dhsprogram.com/pubs/pdf/WP60/WP60.pdf,WP60.pdf,
DHS,Working Papers,WP61,"The Role of Partner Reduction and Faithfulness in HIV Prevention in Sub-Saharan Africa: Evidence from Cameroon, Rwanda, Uganda, and Zimbabwe (English)",,,,https://dhsprogram.com/pubs/pdf/WP61/WP61.pdf,WP61.pdf,
DHS,Working Papers,WP62,Concurrent Sexual Partnerships and HIV Infection: Evidence from National Population-Based Surveys (English),,,,https://dhsprogram.com/pubs/pdf/WP62/WP62.pdf,WP62.pdf,
DHS,Working Papers,WP63,A Closer Examination of the HIV/Fertility Linkage (English),,,,https://dhsprogram.com/pubs/pdf/WP63/WP63.pdf,WP63.pdf,
DHS,Working Papers,WP64,Spousal Communication About HIV Prevention in Kenya (English),,,,https://dhsprogram.com/pubs/pdf/WP64/WP64.pdf,WP64.pdf,
DHS,Working Papers,WP65,"Effects of Obesity on the Markers of Cardiovascular Disease in Tashkent City, Uzbekistan: Evidence from a Population-Based Health Examination Survey (English)",,,,https://dhsprogram.com/pubs/pdf/WP65/WP65.pdf,WP65.pdf,
DHS,Working Papers,WP66,Where the Standard Makes the Difference in the Real World of Malnutrition: Analysis of 10 Countries with DHS Data (English),,,,https://dhsprogram.com/pubs/pdf/WP66/WP66.pdf,WP66.pdf,
DHS,Working Papers,WP67,Utilization of HIV-Related Services from the Private Health Sector: A Multi-Country Analysis (English),,,,https://dhsprogram.com/pubs/pdf/WP67/WP67.pdf,WP67.pdf,
DHS,Working Papers,WP68,A Re-examination of Recent Fertility Declines in Sub-Saharan Africa (English),,,,https://dhsprogram.com/pubs/pdf/WP68/WP68.pdf,WP68.pdf,
DHS,Working Papers,WP69,The Changing Relationship between Household Wealth and Child Survival in India (English),,,,https://dhsprogram.com/pubs/pdf/WP69/WP69.pdf,WP69.pdf,
DHS,Working Papers,WP70,New Multivariate Methodology for Assessing the Effect of Child Mortality on the Total Fertility Rate and its Components (English),,,,https://dhsprogram.com/pubs/pdf/WP70/WP70.pdf,WP70.pdf,
DHS,Working Papers,WP71,The Use of Withdrawal among Birth Limiters in Iran and Turkey (English),,,,https://dhsprogram.com/pubs/pdf/WP71/Errata_22April2011.pdf,Errata_22April2011.pdf,
DHS,Working Papers,WP71,The Use of Withdrawal among Birth Limiters in Iran and Turkey (English),,,,https://dhsprogram.com/pubs/pdf/WP71/WP71.pdf,WP71.pdf,
DHS,Working Papers,WP71,The Use of Withdrawal among Birth Limiters in Iran and Turkey (English),,,,https://dhsprogram.com/pubs/pdf/WP71/WP71[revised_Yuan_22April2011.pdf,WP71[revised_Yuan_22April2011.pdf,
DHS,Working Papers,WP72,"Health Facility Characteristics Affecting the Early Adoption of Malaria Rapid Tests in Rwanda, Tanzania, and Uganda (English)",,,,https://dhsprogram.com/pubs/pdf/WP72/WP72.pdf,WP72.pdf,
DHS,Working Papers,WP73,Individual and Community-level Effects on Child Mortality: An Analysis of 28 Demographic and Health Surveys in Sub-Saharan Africa (English),,,,https://dhsprogram.com/pubs/pdf/WP73/WP73.pdf,WP73.pdf,
DHS,Working Papers,WP74,Household Environmental Health Hazards and Child Survival in Sub-Saharan Africa (English),,,,https://dhsprogram.com/pubs/pdf/WP74/WP74.pdf,WP74.pdf,
DHS,Working Papers,WP75,"Changes in Adolescent Childbearing in Morocco, Egypt and Turkey (English)",,,,https://dhsprogram.com/pubs/pdf/WP75/WP75.pdf,WP75.pdf,
DHS,Working Papers,WP76,Private Delivery Care in Developing Countries: Trends and Determinants (English),,,,https://dhsprogram.com/pubs/pdf/WP76/WP76.pdf,WP76.pdf,
DHS,Working Papers,WP77,Undernutrition among Women in Ethiopia (English),,,,https://dhsprogram.com/pubs/pdf/WP77/WP77.pdf,WP77.pdf,
DHS,Working Papers,WP78,Does It Really Matter Where You Live? A Multilevel Analysis of Social Disorganization and Risky Sexual Behaviours in Sub-Saharan Africa (English),,,,https://dhsprogram.com/pubs/pdf/WP78/WP78.pdf,WP78.pdf,
DHS,Working Papers,WP79,"Intimate Partner Violence and Unintended Pregnancy in Azerbaijan, Moldova, and Ukraine (English)",,,,https://dhsprogram.com/pubs/pdf/WP79/WP79.pdf,WP79.pdf,
DHS,Working Papers,WP80,Women's Empowerment and Achievement of Desired Fertility in Sub-Saharan Africa (English),,,,https://dhsprogram.com/pubs/pdf/WP80/WP80.pdf,WP80.pdf,
DHS,Working Papers,WP81,Validity of Data on Self-reported HIV Status and Implications for Measurement of ARV Coverage in Malawi (English),,,,https://dhsprogram.com/pubs/pdf/WP81/WP81.pdf,WP81.pdf,
DHS,Working Papers,WP82,Fertility Transition and Its Determinants in Kenya: 2003-2008/9 (English),,,,https://dhsprogram.com/pubs/pdf/WP82/WP82.pdf,WP82.pdf,
DHS,Working Papers,WP83,Levels and Determinants of Use of Institutional Delivery Care Services among Women of Childbearing Age in Ethiopia: Analysis of EDHS 2000 and 2005 Data (English),,,,https://dhsprogram.com/pubs/pdf/WP83/WP83.pdf,WP83.pdf,
DHS,Working Papers,WP84,"The Impact of Maternal Education on Child Nutrition: Evidence from Malawi, Tanzania, and Zimbabwe (English)",,,,https://dhsprogram.com/pubs/pdf/WP84/WP84.pdf,WP84.pdf,
DHS,Working Papers,WP85,HIV Prevalence and Associated Risk Factors: Analysis of Change over Time in Mainland Tanzania (English),,,,https://dhsprogram.com/pubs/pdf/WP85/WP85.pdf,WP85.pdf,
DHS,Working Papers,WP86,The Role of Antenatal Care in Predicting Health Facility Delivery among Women in Kenya: Further Analysis of Data from the 2008-09 KDHS (English),,,,https://dhsprogram.com/pubs/pdf/WP86/WP86.pdf,WP86.pdf,
DHS,Working Papers,WP87,Trends and Correlates of Contraceptive Use among Married Women in Malawi: Evidence from 2000-2010 Malawi Demographic and Health Surveys (English),,,,https://dhsprogram.com/pubs/pdf/WP87/WP87.pdf,WP87.pdf,
DHS,Working Papers,WP88,Poverty and Risky Sexual Behaviours: Evidence from Tanzania (English),,,,https://dhsprogram.com/pubs/pdf/WP88/WP88.pdf,WP88.pdf,
DHS,Working Papers,WP89,"Trends and Determinants of Malnutrition among Children Age 0-59 Months in Kenya (KDHS 1993, 2003 and 2008-09) (English)",,,,https://dhsprogram.com/pubs/pdf/WP89/WP89.pdf,WP89.pdf,
DHS,Working Papers,WP90,"Differentials of Early Teenage Pregnancy in Ethiopia, 2000, and 2005 (English)",,,,https://dhsprogram.com/pubs/pdf/WP90/WP90.pdf,WP90.pdf,
DHS,Working Papers,WP91,Women's Autonomy and Reproductive Healthcare-Seeking Behavior in Ethiopia (English),,,,https://dhsprogram.com/pubs/pdf/WP91/WP91.pdf,WP91.pdf,
DHS,Working Papers,WP92,Influence of Use of Maternal Health Care on Postpartum Contraception in Nigeria (English),,,,https://dhsprogram.com/pubs/pdf/WP92/WP92.pdf,WP92.pdf,
DHS,Working Papers,WP93,Male Involvement in Maternal Health Care as a Determinant of Utilization of Skilled Birth Attendants in Kenya (English),,,,https://dhsprogram.com/pubs/pdf/WP93/WP93.pdf,WP93.pdf,
DHS,Working Papers,WP94,Measuring the Success of Family Planning Initiatives in Rwanda: A Multivariate Decomposition Analysis (English),,,,https://dhsprogram.com/pubs/pdf/WP94/WP94.pdf,WP94.pdf,
DHS,Working Papers,WP95,Socio-Demographic Factors Associated with Contraceptive Use among Young Women in Comparison with Older Women in Uganda (English),,,,https://dhsprogram.com/pubs/pdf/WP95/WP95.pdf,WP95.pdf,
DHS,Working Papers,WP98,"Household Nucleation, Dependency and Child Health Outcomes in Ghana (English)",,,,https://dhsprogram.com/pubs/pdf/WP98/WP98.pdf,WP98.pdf,
DHS,Working Papers,WP99,Relationship between Women's Socioeconomic Status and Empowerment in Burkina Faso: A Focus on Participation in Decision-Making and Experience of Domestic Violence (English),,,,https://dhsprogram.com/pubs/pdf/WP99/WP99.pdf,WP99.pdf,
DHS,Working Papers,WP100,"Male Circumcision, Sexual Behavior, and HIV Status in Uganda (English)",,,,https://dhsprogram.com/pubs/pdf/WP100/WP100.pdf,WP100.pdf,
DHS,Working Papers,WP101,The Role of Women's Empowerment in Influencing HIV Testing (English),,,,https://dhsprogram.com/pubs/pdf/WP101/WP101.pdf,WP101.pdf,
DHS,Working Papers,WP102,Male Circumcision and Risky Sexual Behavior in Zimbabwe: Evidence from the 2010-11 Zimbabwe Demographic and Health Survey (English),,,,https://dhsprogram.com/pubs/pdf/WP102/WP102.pdf,WP102.pdf,
DHS,Working Papers,WP103,"Trends and Determinants of Contraceptive Use among Young Married Women (Age 15-24) Based on the 2000, 2005, and 2011 Ethiopian Demographic and Health Surveys: A Multivariate Decomposition Analysis (English)",,,,https://dhsprogram.com/pubs/pdf/WP103/WP103.pdf,WP103.pdf,
DHS,Working Papers,WP104,Individual and Community-Level Predictors of Home Delivery in Ethiopia: A Multilevel Mixed-Effects Analysis of the 2011 Ethiopia National Demographic and Health Survey (English),,,,https://dhsprogram.com/pubs/pdf/WP104/WP104.pdf,WP104.pdf,
DHS,Working Papers,WP105,HIV Knowledge and Risky Sexual Behavior among Men in Rwanda (English),,,,https://dhsprogram.com/pubs/pdf/WP105/WP105.pdf,WP105.pdf,
DHS,Working Papers,WP106,Intimate Partner Violence and Empowerment among Women in Tanzania: Prevalence and Effects on Utilization of Reproductive and Maternal Health Services (English),,,,https://dhsprogram.com/pubs/pdf/WP106/WP106.pdf,WP106.pdf,
DHS,Working Papers,WP107,Knowledge of HIV Status at ANC and Utilization of Maternal Health Services in the 2010-11 Zimbabwe Demographic and Health Survey (English),,,,https://dhsprogram.com/pubs/pdf/WP107/WP107.pdf,WP107.pdf,
DHS,Working Papers,WP108,Spousal Gender-Based Violence and Women's Empowerment in the 2010-11 Zimbabwe Demographic and Health Survey (English),,,,https://dhsprogram.com/pubs/pdf/WP108/WP108.pdf,WP108.pdf,
DHS,Working Papers,WP109,Maternal Iron and Vitamin A Supplementation and the Nutritional Status of Children in the 2010-11 Zimbabwe Demographic and Health Survey (English),,,,https://dhsprogram.com/pubs/pdf/WP109/WP109.pdf,WP109.pdf,
DHS,Working Papers,WP110,Factors Associated with HIV Testing in the 2010-11 Zimbabwe Demographic and Health Survey (English),,,,https://dhsprogram.com/pubs/pdf/WP110/WP110.pdf,WP110.pdf,
DHS,Working Papers,WP111,Changes in HIV Prevalence among Men and Women between the 2005-06 and 2010-11 Zimbabwe Demographic and Health Surveys (English),,,,https://dhsprogram.com/pubs/pdf/WP111/WP111.pdf,WP111.pdf,
DHS,Working Papers,WP112,Predictors of IPTp Uptake among Pregnant Women in the 2010-11 Zimbabwe Demographic and Health Survey (English),,,,https://dhsprogram.com/pubs/pdf/WP112/WP112.pdf,WP112.pdf,
DHS,Working Papers,WP113,Unintended Births and HIV in the 2010-11 Zimbabwe Demographic and Health Survey (English),,,,https://dhsprogram.com/pubs/pdf/WP113/WP113.pdf,WP113.pdf,
DHS,Working Papers,WP114,Influence of Service Readiness on Use of Facility Delivery Care: A Study Linking Health Facility Data and Population Data in Haiti (English),,,,https://dhsprogram.com/pubs/pdf/WP114/WP114.pdf,WP114.pdf,
DHS,Working Papers,WP115,"Obesity and Related Factors among Jordanian Women of Reproductive Age Based on Three DHS Surveys, 2002-2012 (English)",,,,https://dhsprogram.com/pubs/pdf/WP115/WP115.pdf,WP115.pdf,
DHS,Working Papers,WP116,Global Trends in Care Seeking and Access to Diagnosis and Treatment of Childhood Illnesses (English),,,,https://dhsprogram.com/pubs/pdf/WP116/WP116.pdf,WP116.pdf,
DHS,Working Papers,WP117,"Gender Relations, Sexual Behaviour, and Risk of Contracting Sexually Transmitted Infections among Women in Union in Uganda (English)",,,,https://dhsprogram.com/pubs/pdf/WP117/WP117.pdf,WP117.pdf,
DHS,Working Papers,WP118,Predictors of Time to Contraceptive Use from Resumption of Sexual Intercourse after Birth among Women in Uganda (English),,,,https://dhsprogram.com/pubs/pdf/WP118/WP118.pdf,WP118.pdf,
DHS,Working Papers,WP119,Factors Associated with Changes in Uptake of HIV Testing among Young Women (age 15-24) in Tanzania from 2003 to 2012 (English),,,,https://dhsprogram.com/pubs/pdf/WP119/WP119.pdf,WP119.pdf,
DHS,Working Papers,WP120,Contextual Factors Influencing Modern Contraceptive Use in Nigeria (English),,,,https://dhsprogram.com/pubs/pdf/WP120/WP120.pdf,WP120.pdf,
DHS,Working Papers,WP121,Intimate Partner Violence (IPV) in Zambia: Sociodemgraphic Determinants and Association with Use of Maternal Health Care (English),,,,https://dhsprogram.com/pubs/pdf/WP121/WP121.pdf,WP121.pdf,
DHS,Working Papers,WP122,HIV/AIDS and Unmet Need for Family Planning (English),,,,https://dhsprogram.com/pubs/pdf/WP122/WP122.pdf,WP122.pdf,
DHS,Working Papers,WP123,Factors Associated with Postnatal Care for Newborns in Zambia: Analysis of the 2013-14 Demographic and Health Survey (English),,,,https://dhsprogram.com/pubs/pdf/WP123/WP123.pdf,WP123.pdf,
DHS,Working Papers,WP124,An Assessment of Contraceptive Use by Marriage Type among Sexually Active Men in Nigeria: Analysis of the 2013 Demographic and Health Survey (English),,,,https://dhsprogram.com/pubs/pdf/WP124/WP124.pdf,WP124.pdf,
DHS,Working Papers,WP125,Male Circumcision and HIV in Lesotho: Is the Relationship Real or Spurious? Analysis of the 2009 Demographic and Health Survey (English),,,,https://dhsprogram.com/pubs/pdf/WP125/WP125.pdf,WP125.pdf,
DHS,Working Papers,WP126,Factors Associated with Stunting in Children under Age 2 in the Cambodia and Kenya 2014 Demographic and Health Surveys (English),,,,https://dhsprogram.com/pubs/pdf/WP126/WP126.pdf,WP126.pdf,
DHS,Working Papers,WP127,Factors Associated with HIV Infection among Educated Malawians: Analysis of the 2010 Demographic and Health Survey (English),,,,https://dhsprogram.com/pubs/pdf/WP127/WP127.pdf,WP127.pdf,
DHS,Working Papers,WP128,Current Pregnancy and Fertility (English),,,,https://dhsprogram.com/pubs/pdf/WP128/WP128.pdf,WP128.pdf,
DHS,Working Papers,WP129,Women's Empowerment and the Use of Antenatal Care Services in Southeast Asian Countries (English),,,,https://dhsprogram.com/pubs/pdf/WP129/WP129.pdf,WP129.pdf,
DHS,Working Papers,WP130,Ten Years of Traditional Contraceptive Method Use in the Philippines: Continuity and Change (English),,,,https://dhsprogram.com/pubs/pdf/WP130/WP130.pdf,WP130.pdf,
DHS,Working Papers,WP131,Low Birth Weight of Institutional Births in Cambodia: Analysis of the 2010 and 2014 Demographic and Health Surveys (English),,,,https://dhsprogram.com/pubs/pdf/WP131/WP131.pdf,WP131.pdf,
DHS,Working Papers,WP132,Changes in Contraceptive Use Dynamics in Egypt: Analysis of the 2008 and 2014 Demographic and Health Surveys (English),,,,https://dhsprogram.com/pubs/pdf/WP132/WP132.pdf,WP132.pdf,
DHS,Working Papers,WP133,Continuum of Maternal Health Care and the Use of Postpartum Family Planning in Nepal (English),,,,https://dhsprogram.com/pubs/pdf/WP133/WP133.pdf,WP133.pdf,
DHS,Working Papers,WP134,Knowledge about HIV and Discriminatory Attitudes toward People Living with HIV in Pakistan (English),,,,https://dhsprogram.com/pubs/pdf/WP134/WP134.pdf,WP134.pdf,
DHS,Working Papers,WP135,Household and Community Risk Factors and Child Well-Being in Low- and Middle-Income Countries (English),,,,https://dhsprogram.com/pubs/pdf/WP135/WP135.pdf,WP135.pdf,
DHS,Working Papers,WP136,Feeding Practices and Nutritional Status of Children Age 6-23 Months in Myanmar: Further Analysis of the 2015-16 Demographic and Health Survey (English),,,,https://dhsprogram.com/pubs/pdf/WP136/WP136.pdf,WP136.pdf,
DHS,Working Papers,WP137,Facility Delivery and Postnatal Care Services Use among Mothers Who Attended Four or More Antenatal Care Visits in Ethiopia: Further Analysis of the 2016 Demographic and Health Survey (English),,,,https://dhsprogram.com/pubs/pdf/WP137/WP137.pdf,WP137.pdf,
DHS,Working Papers,WP139,The Association Between Women's Empowerment and Uptake of Child Health Services: A Demographic and Health Survey-Based Synthesis (English),,,,https://dhsprogram.com/pubs/pdf/WP139/WP139.pdf,WP139.pdf,
DHS,Working Papers,WP140,The Effect of Internal Migration on the Use of Reproductive and Maternal Health Services in Nepal (English),,,,https://dhsprogram.com/pubs/pdf/WP140/WP140.pdf,WP140.pdf,
DHS,Working Papers,WP141,Determinants of Risky Sexual Behavior Among the Youth in Malawi (English),,,,https://dhsprogram.com/pubs/pdf/WP141/WP141.pdf,WP141.pdf,
DHS,Working Papers,WP142,"Using the Uganda Demographic and Health Surveys from 2011 and 2016 to Assess Changes in Saving Mothers, Giving Life Intervention Districts (English)",,,,https://dhsprogram.com/pubs/pdf/WP142/WP142.pdf,WP142.pdf,
DHS,Working Papers,WP143,Women's Empowerment in Myanmar: An Analysis of DHS Data for Married Women Age 15-49 (English),,,,https://dhsprogram.com/pubs/pdf/WP143/WP143.pdf,WP143.pdf,
DHS,Working Papers,WP144,Internal Migration and the Use of Modern Contraceptive Methods: Analysis of the 2015-16 Myanmar Demographic and Health Survey (English),,,,https://dhsprogram.com/pubs/pdf/WP144/WP144.pdf,WP144.pdf,
DHS,Working Papers,WP145,Factors that Affect the Discontinuation of Family Planning Methods in Myanmar: Analysis of the 2015-16 Myanmar Demographic and Health Survey (English),,,,https://dhsprogram.com/pubs/pdf/WP145/WP145.pdf,WP145.pdf,
DHS,Working Papers,WP146,Empowerment and Barriers to Health Care Access among Currently Married Women: Secondary Data Analysis of the 2015-16 Myanmar Demographic and Health Survey (English),,,,https://dhsprogram.com/pubs/pdf/WP146/WP146.pdf,WP146.pdf,
DHS,Working Papers,WP147,Impact of Use of Health Care on Under-5 Child Mortality among States and Regions: Analysis of the 2015-16 Myanmar Demographic and Health Survey (English),,,,https://dhsprogram.com/pubs/pdf/WP147/WP147.pdf,WP147.pdf,
DHS,Working Papers,WP148,Determinants of Early Postnatal Care Attendance in Uganda: Further Analysis of the 2016 Demographic and Health Survey (English),,,,https://dhsprogram.com/pubs/pdf/WP148/WP148.pdf,WP148.pdf,
DHS,Working Papers,WP149,Trends and Determinants of Anemia in Uganda: Further Analysis of the Demographic and Health Survey (English),,,,https://dhsprogram.com/pubs/pdf/WP149/WP149.pdf,WP149.pdf,
DHS,Working Papers,WP150,"Disability, Partner Behaviors, and the Risk of Intimate Partner Violence in Uganda: Further Analysis of the 2016 Demographic and Health Survey (English)",,,,https://dhsprogram.com/pubs/pdf/WP150/WP150.pdf,WP150.pdf,
DHS,Working Papers,WP151,Trends and Determinants of Neonatal Mortality in Uganda: Further Analysis of the Demographic and Health Surveys (English),,,,https://dhsprogram.com/pubs/pdf/WP151/WP151.pdf,WP151.pdf,
DHS,Working Papers,WP152,Demand for Family Planning among Poor Women in Uganda: Further Analysis of the Demographic and Health Surveys (English),,,,https://dhsprogram.com/pubs/pdf/WP152/WP152.pdf,WP152.pdf,
DHS,Working Papers,WP153,Alternative and Complementary Metrics of Linear Growth for Tracking Global Progress in Child Nutritional Status (English),,,,https://dhsprogram.com/pubs/pdf/WP153/WP153.pdf,WP153.pdf,
DHS,Working Papers,WP155,Predictors of Modern Contraceptive Use and Fertility Preferences among Men in Myanmar: Further Analysis of the 2015-16 Demographic and Health Survey (English),,,,https://dhsprogram.com/pubs/pdf/WP155/WP155.pdf,WP155.pdf,
DHS,Working Papers,WP156,Determinants of Nutritional Status among Children under Age 5 in Ethiopia: Further Analysis of the 2016 Demographic and Health Survey (English),,,,https://dhsprogram.com/pubs/pdf/WP156/WP156.pdf,WP156.pdf,
DHS,Working Papers,WP157,Coverage and Associated Factors for HIV Screening in Senegal: Analysis of the 2017 Demographic and Health Survey (English),,,,https://dhsprogram.com/pubs/pdf/WP157/WP157.pdf,WP157.pdf,
DHS,Working Papers,WP158,Uptake of Intermittent Preventive Treatment in Pregnancy for Malaria in Ghana: Further Analysis of the 2016 Malaria Indicator Survey (English),,,,https://dhsprogram.com/pubs/pdf/WP158/WP158.pdf,WP158.pdf,
DHS,Working Papers,WP159,Determinants of Contraceptive Discontinuation in Indonesia: Further Analysis of the 2017 Demographic and Health Survey (English),,,,https://dhsprogram.com/pubs/pdf/WP159/WP159.pdf,WP159.pdf,
DHS,Working Papers,WP160,The Role of Health Facilities in Supporting Adherence to Iron-Folic Acid Supplementation during Pregnancy: A Case Study using DHS and SPA Data in Haiti and Malawi (English),,,,https://dhsprogram.com/pubs/pdf/WP160/WP160.pdf,WP160.pdf,
DHS,Working Papers,WP161,Examining the Role of Health Facilities in Supporting Early Breastfeeding in Haiti and Malawi (English),,,,https://dhsprogram.com/pubs/pdf/WP161/WP161.pdf,WP161.pdf,
DHS,Working Papers,WP162,Evaluation of Indicators to Monitor Quality of Anthropometry Data during Fieldwork (English),,,,https://dhsprogram.com/pubs/pdf/WP162/WP162.pdf,WP162.pdf,
DHS,Working Papers,WP163,Initiation of Breastfeeding in Low- and Middle-Income Countries: A Time-to-Event Analysis (English),,,,https://dhsprogram.com/pubs/pdf/WP163/WP163.pdf,WP163.pdf,
DHS,Working Papers,WP164,"Household Air Pollution: National and Subnational Estimates in Bangladesh, India, Indonesia, Nepal, and the Philippines (English)",,,,https://dhsprogram.com/pubs/pdf/WP164/WP164.pdf,WP164.pdf,
DHS,Working Papers,WP165,Non-use of Contraceptives among Married Women (English),,,,https://dhsprogram.com/pubs/pdf/WP165/WP165.pdf,WP165.pdf,
DHS,Working Papers,WP166,Inequalities in Utilization of Essential Antenatal Services for Women with Disabilities (English),,,,https://dhsprogram.com/pubs/pdf/WP166/WP166.pdf,WP166.pdf,
DHS,Working Papers,WP167,Disparities in Cesarean Section among Women in Jordan: Analysis of the 2017-18 Jordan Population and Family Health Survey (JPFHS) Data (English),,,,https://dhsprogram.com/pubs/pdf/WP167/WP167.pdf,WP167.pdf,
DHS,Working Papers,WP168,Prevalence and Determinants of Adolescent Fertility: Analysis of 2014 Bangladesh Demographic and Health Survey (English),,,,https://dhsprogram.com/pubs/pdf/WP168/WP168.pdf,WP168.pdf,
DHS,Working Papers,WP169,Factors Associated with the Use of Insecticide-Treated Nets: Analysis of the 2018 Burkina Faso Malaria Indicator Survey (English),,,,https://dhsprogram.com/pubs/pdf/WP169/WP169.pdf,WP169.pdf,
DHS,Working Papers,WP170,Social and Individual Factors Associated with Condom Use among Single Youths: An Analysis of the 2018 Cameroon Demographic and Health Survey (English),,,,https://dhsprogram.com/pubs/pdf/WP170/WP170.pdf,WP170.pdf,
DHS,Working Papers,WP171,Fertility and Family Planning Characteristics of Contraceptive Clusters in Burundi (English),,,,https://dhsprogram.com/pubs/pdf/WP171/WP171.pdf,WP171.pdf,
DHS,Working Papers,WP172,Associations between Women's Current Contraceptive Method Decision Making and their Reproductive Calendar Histories in Burundi (English),,,,https://dhsprogram.com/pubs/pdf/WP172/WP172.pdf,WP172.pdf,
DHS,Working Papers,WP173,"Attributes Associated with Women's Contraceptive Profiles in Burundi: Knowledge, Attitudes, and Interactions with Media and Health Services (English)",,,,https://dhsprogram.com/pubs/pdf/WP173/WP173.pdf,WP173.pdf,
DHS,Working Papers,WP175,Analysis of Sickle Cell Genotypes of Young Children in Nigeria Using the 2018 DHS Survey (English),,,,https://dhsprogram.com/pubs/pdf/WP175/WP175.pdf,WP175.pdf,
DHS,Working Papers,WP176,Gridded Population Sampling and the Demographic and Health Surveys (English),,,,https://dhsprogram.com/pubs/pdf/WP176/WP176.pdf,WP176.pdf,
DHS,Working Papers,WP177,Accumulating Birth Histories across Surveys for Improved Estimates of Child Mortality (English),,,,https://dhsprogram.com/pubs/pdf/WP177/WP177.pdf,WP177.pdf,
DHS,Working Papers,WP178,"A Decomposition of Sources of Change in Population Size and Median Age, 1970-2020 (English)",,,,https://dhsprogram.com/pubs/pdf/WP178/Supplement_WP178.pdf,Supplement_WP178.pdf,
DHS,Working Papers,WP178,"A Decomposition of Sources of Change in Population Size and Median Age, 1970-2020 (English)",,,,https://dhsprogram.com/pubs/pdf/WP178/WP178.pdf,WP178.pdf,
DHS,Working Papers,WP179,Measuring Youth Empowerment (English),,,,https://dhsprogram.com/pubs/pdf/WP179/AB20.pdf,AB20.pdf,
DHS,Working Papers,WP179,Measuring Youth Empowerment (English),,,,https://dhsprogram.com/pubs/pdf/WP179/WP179.pdf,WP179.pdf,
DHS,Working Papers,WP180,Design-based Small Area Estimation: An Application to the DHS Surveys (English),,,,https://dhsprogram.com/pubs/pdf/WP180/WP180.pdf,WP180.pdf,
DHS,Working Papers,WP181,Accumulating Contraceptive Calendars across Surveys (English),,,,https://dhsprogram.com/pubs/pdf/WP181/WP181.pdf,WP181.pdf,
DHS,Working Papers,WP182,Projecting Outcomes with a Series of Demographic and Health Surveys (English),,,,https://dhsprogram.com/pubs/pdf/WP182/WP182.pdf,WP182.pdf,
DHS,Working Papers,WP183,Individual- and Community-level Correlates of Premarital Childbearing in South Africa (English),,,,https://dhsprogram.com/pubs/pdf/WP183/WP183.pdf,WP183.pdf,
DHS,Working Papers,WP184,Women’s Empowerment and Nutritional Status of Children in The Gambia: Further Analysis of the 2019–20 Gambia Demographic and Health Survey (English),,,,https://dhsprogram.com/pubs/pdf/WP184/WP184.pdf,WP184.pdf,
DHS,Working Papers,WP185,"Women’s Empowerment, Modern Energy, and Demand for Maternal Health Services in Benin (English)",,,,https://dhsprogram.com/pubs/pdf/WP185/WP185.pdf,WP185.pdf,
DHS,Working Papers,WP186,Information Communication Technologies and Intimate Partner Violence among Women in sub-Saharan Africa Countries (English),,,,https://dhsprogram.com/pubs/pdf/WP186/WP186.pdf,WP186.pdf,
DHS,Working Papers,WP187,Harmful Cultural Traditions: An Analysis of Female Circumcision Practice in Maldives (English),,,,https://dhsprogram.com/pubs/pdf/WP187/WP187.pdf,WP187.pdf,
DHS,Working Papers,WP188,Examining the Association between Anemia and Early Childhood Development in 9 Low- and Middle-income Countries (English),,,,https://dhsprogram.com/pubs/pdf/WP188/WP188.pdf,WP188.pdf,
DHS,Working Papers,WP189,Design-based Small Area Estimation: A Nearest Neighbor Method for HIV Prevalence Estimation (English),,,,https://dhsprogram.com/pubs/pdf/WP189/WP189.pdf,WP189.pdf,
DHS,Working Papers,WP190,Individual- and Community-level Correlates of Intermittent Preventive Treatment of Malaria in Pregnancy in Ghana (English),,,,https://dhsprogram.com/pubs/pdf/WP190/WP190.pdf,WP190.pdf,
DHS,Working Papers,WP191,Prevalence and Determinants of Mother and Newborn Skin-to-Skin Contact: An Assessment from the 2017-18 Bangladesh DHS Data (English),,,,https://dhsprogram.com/pubs/pdf/WP191/WP191.pdf,WP191.pdf,
DHS,Working Papers,WP192,Health Insurance Coverage and Access to Maternal Health Services: Findings from Nigerian Women of Reproductive Age (English),,,,https://dhsprogram.com/pubs/pdf/WP192/WP192.pdf,WP192.pdf,
DHS,Working Papers,WP193,Reducing Child Malnutrition through Mother's Birth Spacing: Evidence from Ghana (English),,,,https://dhsprogram.com/pubs/pdf/WP193/WP193.pdf,WP193.pdf,
DHS,Working Papers,WP194,Sub-national Analysis of Contraceptive Discontinuation among Women in Nigeria: Evidence from the Demographic and Health Survey (English),,,,https://dhsprogram.com/pubs/pdf/WP194/WP194.pdf,WP194.pdf,
DHS,Working Papers,WP195,Women’s Autonomy and Unintended Pregnancy among Reproductive Age Women in Pakistan (English),,,,https://dhsprogram.com/pubs/pdf/WP195/WP195.pdf,WP195.pdf,
DHS,Working Papers,WP197,Environmental Factors That Affect Child Marriage in Bangladesh: Harnessing Evidence from the 2017-18 Bangladesh Demographic and Health Survey (English),,,,https://dhsprogram.com/pubs/pdf/WP197/WP197.pdf,WP197.pdf,
DHS,Working Papers,WP198,Factors That Affect Utilization of Antenatal Care among Recently Pregnant Women in Three Southern African Countries: Focus on the Role of Intimate Partner Violence (English),,,,https://dhsprogram.com/pubs/pdf/WP198/WP198.pdf,WP198.pdf,
DHS,Working Papers,WP199,Status and Associated Factors of Health Insurance Enrollment in Nepal: Findings from the 2022 Nepal Demographic and Health Survey (English),,,,https://dhsprogram.com/pubs/pdf/WP199/WP199.pdf,WP199.pdf,
DHS,Working Papers,WP200,"Trajectories into First-time Contraceptive Use Among Adolescents: A Comparison of Data from Burundi, Colombia, and Nepal (English)",,,,https://dhsprogram.com/pubs/pdf/WP200/WP200.pdf,WP200.pdf,
DHS,Working Papers,WP201,Effect of Women’s Empowerment on Child Nutritional Status in India: A Secondary Analysis of Nationally Representative Household Survey Data (2019–21) (English),,,,https://dhsprogram.com/pubs/pdf/WP201/WP201.pdf,WP201.pdf,
DHS,Working Papers,WP202,Impact of Climate on Undernutrition and Child Food Poverty: Geostatistical Modeling Using Data From the 2021 Burkina Faso Demographic and Health Survey (English),,,,https://dhsprogram.com/pubs/pdf/WP202/WP202.pdf,WP202.pdf,
DHS,Working Papers,WP203,"Levels, Trends, and Correlates of Under-15 Fertility in the Philippines, 2003–2022 (English)",,,,https://dhsprogram.com/pubs/pdf/WP203/WP203.pdf,WP203.pdf,
DHS,Working Papers,WP204,Trends in Correlates of Cesarean Section in Bangladesh: Insights from BDHS 2007–2017 (English),,,,https://dhsprogram.com/pubs/pdf/WP204/WP204.pdf,WP204.pdf,
DHS,Working Papers,WP205,Intimate Partner Violence Experiences of Filipino Women: Evidence from the Philippines (English),,,,https://dhsprogram.com/pubs/pdf/WP205/WP205.pdf,WP205.pdf,
DHS,Working Papers,WP206,Predictors of Insecticide-treated Net Utilization among Children under Age 5 in Refugee Settlements in Uganda: Analysis of the 2018–19 Uganda Malaria Indicator Survey (English),,,,https://dhsprogram.com/pubs/pdf/WP206/WP206.pdf,WP206.pdf,
DHS,Working Papers,WP207,Determinants of Unmet Need for Family Planning among Women in Kenya: Insights from the 2022 Kenya Demographic and Health Survey (English),,,,https://dhsprogram.com/pubs/pdf/WP207/WP207.pdf,WP207.pdf,
DHS,Working Papers,WP208,Factors Associated with Pregnancy among Teenage Girls Age 15–19 in Tanzania: Analysis of the 2022 Tanzania Demographic and Health Survey and Malaria Indicator Survey (English),,,,https://dhsprogram.com/pubs/pdf/WP208/WP208.pdf,WP208.pdf,
DHS,Further Analysis,FA1,Health and Population Studies Based on the 1987 Thailand Demographic and Health Survey (English),,,,https://dhsprogram.com/pubs/pdf/FA1/FA1.pdf,FA1.pdf,
DHS,Further Analysis,FA2,Population Studies in Sri Lanka and Indonesia Based on the 1987 Sri Lanka Demographic and Health Survey and the 1987 National Indonesia Contraceptive Prevalence Survey (English),,,,https://dhsprogram.com/pubs/pdf/FA2/FA2.pdf,FA2.pdf,
DHS,Further Analysis,FA3,Breastfeeding and Diarrhea in Brazilian Children (English),,,,https://dhsprogram.com/pubs/pdf/FA3/FA3.pdf,FA3.pdf,
DHS,Further Analysis,FA4,"Selection, Change and Discontinuation of Contraceptive Methods in Trinidad and Tobago (English)",,,,https://dhsprogram.com/pubs/pdf/FA4/FA4.pdf,FA4.pdf,
DHS,Further Analysis,FA5,Family Formation Patterns and Child Mortality in Mexico (English),,,,https://dhsprogram.com/pubs/pdf/FA5/FA5.pdf,FA5.pdf,
DHS,Further Analysis,FA6,An Analysis of Reproductive Behavior in Brazil (English),,,,https://dhsprogram.com/pubs/pdf/FA6/FA6.pdf,FA6.pdf,
DHS,Further Analysis,FA7,Social Sectors and Reproduction in Mexico (English),,,,https://dhsprogram.com/pubs/pdf/FA7/FA7.pdf,FA7.pdf,
DHS,Further Analysis,FA8,"Determinantes, Niveles y Tendencias de la Fecundidad en la República Dominicana (Spanish)",,,,https://dhsprogram.com/pubs/pdf/FA8/FA8.pdf,FA8.pdf,
DHS,Further Analysis,FA9,Edad de la Mujer al Primer Matrimonio y al Nacimiento del Primer Hijo [Guatemala] (Spanish),,,,https://dhsprogram.com/pubs/pdf/FA9/FA9.pdf,FA9.pdf,
DHS,Further Analysis,FA10,"Determinants of Health and Mortality in Africa (English, French)",,,,https://dhsprogram.com/pubs/pdf/FA10/FA10.pdf,FA10.pdf,
DHS,Further Analysis,FA11,Fertility Transition in Kenya (English),,,,https://dhsprogram.com/pubs/pdf/FA11/FA11.pdf,FA11.pdf,
DHS,Further Analysis,FA12,"Trends, Age Patterns, and Determinants of Early Childhood Mortality in Kenya (English)",,,,https://dhsprogram.com/pubs/pdf/FA12/FA12.pdf,FA12.pdf,
DHS,Further Analysis,FA13,Perspectives on Fertility and Family Planning in Egypt (English),,,,https://dhsprogram.com/pubs/pdf/FA13/FA13.pdf,FA13.pdf,
DHS,Further Analysis,FA14,"Contraception, Abortion and Maternal Health Services in Turkey (English)",,,,https://dhsprogram.com/pubs/pdf/FA14/FA14.pdf,FA14.pdf,
DHS,Further Analysis,FA15,"Contraceptive Use Dynamics in Zimbabwe: Discontinuation, Switching and Failure (English)",,,,https://dhsprogram.com/pubs/pdf/FA15/FA15.pdf,FA15.pdf,
DHS,Further Analysis,FA16,"Fertility Trends, Women's Status, and Reproductive Expectations in Turkey (English)",,,,https://dhsprogram.com/pubs/pdf/FA16/FA16.pdf,FA16.pdf,
DHS,Further Analysis,FA17,Insights On Family Health Issues in Nepal (English),,,,https://dhsprogram.com/pubs/pdf/FA17/FA17.pdf,FA17.pdf,
DHS,Further Analysis,FA18,Contraceptive Use Dynamics in Zimbabwe: Postpartum Contraceptive Behaviour (English),,,,https://dhsprogram.com/pubs/pdf/FA18/FA18.pdf,FA18.pdf,
DHS,Further Analysis,FA19,"Trends and Differentials in Fertility in Zimbabwe, 1980-1994 (English)",,,,https://dhsprogram.com/pubs/pdf/FA19/FA19.pdf,FA19.pdf,
DHS,Further Analysis,FA20,"Trends and Differentials in Child Mortality: Zimbabwe, 1970-1994 (English)",,,,https://dhsprogram.com/pubs/pdf/FA20/FA20.pdf,FA20.pdf,
DHS,Further Analysis,FA21,"Knowledge, Attitudes and Behavior Regarding AIDS in Benin (English, French)",,,,https://dhsprogram.com/pubs/pdf/FA21/FA21.pdf,FA21.pdf,
DHS,Further Analysis,FA22,"Knowledge of STIs and AIDS, Risk Awareness and Condom Use in Zimbabwe (English)",,,,https://dhsprogram.com/pubs/pdf/FA22/FA22.pdf,FA22.pdf,
DHS,Further Analysis,FA23,The Socioeconomic and Demographic Situation of Adolescents and Young Adults in Zimbabwe (English),,,,https://dhsprogram.com/pubs/pdf/FA23/FA23.pdf,FA23.pdf,
DHS,Further Analysis,FA24,"Perspectives sur la planification familiale, la fécondité et la santé au Sénégal (French)",,,,https://dhsprogram.com/pubs/pdf/FA24/FA24.pdf,FA24.pdf,
DHS,Further Analysis,FA25,Perspectives on the Population & Health Situation in Egypt (English),,,,https://dhsprogram.com/pubs/pdf/FA25/FA25.pdf,FA25.pdf,
DHS,Further Analysis,FA26,"Regard sur la fécondité, la santé et la planification familiale au Maroc (French)",,,,https://dhsprogram.com/pubs/pdf/FA26/FA26.pdf,FA26.pdf,
DHS,Further Analysis,FA27,Perspectives sur la Planification Familiale et la Santé de la Reproduction au Bénin (French),,,,https://dhsprogram.com/pubs/pdf/FA27/FA27.pdf,FA27.pdf,
DHS,Further Analysis,FA28,The Two-Child Norm in Indonesia (English),,,,https://dhsprogram.com/pubs/pdf/FA28/FA28.pdf,FA28.pdf,
DHS,Further Analysis,FA29,The Two-Child Norm in the Philippines (English),,,,https://dhsprogram.com/pubs/pdf/FA29/FA29.PDF,FA29.PDF,
DHS,Further Analysis,FA29,The Two-Child Norm in the Philippines (English),,,,https://dhsprogram.com/pubs/pdf/FA29/FA29.pdf,FA29.pdf,
DHS,Further Analysis,FA30,Patterns of Contraceptive Use in Indonesia (English),,,,https://dhsprogram.com/pubs/pdf/FA30/FA30.pdf,FA30.pdf,
DHS,Further Analysis,FA31,A Decade of Unmet Need for Contraception In Ghana: Programmatic and Policy Implications (English),,,,https://dhsprogram.com/pubs/pdf/FA31/FA31.pdf,FA31.pdf,
DHS,Further Analysis,FA32,Greater Than Expected Fertility Decline in Ghana: An Examination of the Evidence (English),,,,https://dhsprogram.com/pubs/pdf/FA32/FA32.pdf,FA32.pdf,
DHS,Further Analysis,FA34,Family planning Service Utilization and Market Segmentation in the Philippines (English),,,,https://dhsprogram.com/pubs/pdf/FA34/FA34.pdf,FA34.pdf,
DHS,Further Analysis,FA35,Contraceptive Use Dynamics in the Philippines: Determinants of Contraceptive Method Choice and Discontiuation (English),,,,https://dhsprogram.com/pubs/pdf/FA35/FA35.pdf,FA35.pdf,
DHS,Further Analysis,FA36,An Analytical Insight into a Traditional Method: Withdrawal Use in Turkey (English),,,,https://dhsprogram.com/pubs/pdf/FA36/FA36.pdf,FA36.pdf,
DHS,Further Analysis,FA37,Evaluation of Program Options to Meet Unmet Need for Family Planning in Ethiopia (English),,,,https://dhsprogram.com/pubs/pdf/FA37/03-ahmed.pdf,03-ahmed.pdf,
DHS,Further Analysis,FA37,Evaluation of Program Options to Meet Unmet Need for Family Planning in Ethiopia (English),,,,https://dhsprogram.com/pubs/pdf/FA37/FA37.pdf,FA37.pdf,
DHS,Further Analysis,FA38,Utilization of Maternal Health Care Services in Ethiopia (English),,,,https://dhsprogram.com/pubs/pdf/FA38/01-mekonnen.pdf,01-mekonnen.pdf,
DHS,Further Analysis,FA38,Utilization of Maternal Health Care Services in Ethiopia (English),,,,https://dhsprogram.com/pubs/pdf/FA38/FA38.pdf,FA38.pdf,
DHS,Further Analysis,FA39,Determinants of the Nutritional Status of Mothers and Children in Ethiopia (English),,,,https://dhsprogram.com/pubs/pdf/FA39/02-nutrition.pdf,02-nutrition.pdf,
DHS,Further Analysis,FA39,Determinants of the Nutritional Status of Mothers and Children in Ethiopia (English),,,,https://dhsprogram.com/pubs/pdf/FA39/FA39.pdf,FA39.pdf,
DHS,Further Analysis,FA40,Attitudes Toward Family Planning and Reasons for Nonuse among Women with Unmet Need for Family Planning in Ethiopia (English),,,,https://dhsprogram.com/pubs/pdf/FA40/ETFA40.pdf,ETFA40.pdf,
DHS,Further Analysis,FA40,Attitudes Toward Family Planning and Reasons for Nonuse among Women with Unmet Need for Family Planning in Ethiopia (English),,,,https://dhsprogram.com/pubs/pdf/FA40/FA40.pdf,FA40.pdf,
DHS,Further Analysis,FA41,Perspectives on Women's and Children's Health in Egypt (English),,,,https://dhsprogram.com/pubs/pdf/FA41/FA41.pdf,FA41.pdf,
DHS,Further Analysis,FA43,Greater Cairo Slums (English),,,,https://dhsprogram.com/pubs/pdf/FA43/FA43.pdf,FA43.pdf,
DHS,Further Analysis,FA44,Mistimed and Unwanted Pregnancies in Jordan (English),,,,https://dhsprogram.com/pubs/pdf/FA44/FA44.pdf,FA44.pdf,
DHS,Further Analysis,FA45,Menya Governorate (English),,,,https://dhsprogram.com/pubs/pdf/FA45/00FrontMatter00.pdf,00FrontMatter00.pdf,
DHS,Further Analysis,FA45,Menya Governorate (English),,,,https://dhsprogram.com/pubs/pdf/FA45/01Chapter01.pdf,01Chapter01.pdf,
DHS,Further Analysis,FA45,Menya Governorate (English),,,,https://dhsprogram.com/pubs/pdf/FA45/02Chapter02.pdf,02Chapter02.pdf,
DHS,Further Analysis,FA45,Menya Governorate (English),,,,https://dhsprogram.com/pubs/pdf/FA45/03Chapter03.pdf,03Chapter03.pdf,
DHS,Further Analysis,FA45,Menya Governorate (English),,,,https://dhsprogram.com/pubs/pdf/FA45/04Chapter04.pdf,04Chapter04.pdf,
DHS,Further Analysis,FA45,Menya Governorate (English),,,,https://dhsprogram.com/pubs/pdf/FA45/05Chapter05.pdf,05Chapter05.pdf,
DHS,Further Analysis,FA45,Menya Governorate (English),,,,https://dhsprogram.com/pubs/pdf/FA45/06Chapter06.pdf,06Chapter06.pdf,
DHS,Further Analysis,FA45,Menya Governorate (English),,,,https://dhsprogram.com/pubs/pdf/FA45/07Chapter07.pdf,07Chapter07.pdf,
DHS,Further Analysis,FA45,Menya Governorate (English),,,,https://dhsprogram.com/pubs/pdf/FA45/08Chapter08.pdf,08Chapter08.pdf,
DHS,Further Analysis,FA45,Menya Governorate (English),,,,https://dhsprogram.com/pubs/pdf/FA45/09Chapter09.pdf,09Chapter09.pdf,
DHS,Further Analysis,FA45,Menya Governorate (English),,,,https://dhsprogram.com/pubs/pdf/FA45/10Chapter10.pdf,10Chapter10.pdf,
DHS,Further Analysis,FA45,Menya Governorate (English),,,,https://dhsprogram.com/pubs/pdf/FA45/11References11.pdf,11References11.pdf,
DHS,Further Analysis,FA45,Menya Governorate (English),,,,https://dhsprogram.com/pubs/pdf/FA45/12AnnexA12.pdf,12AnnexA12.pdf,
DHS,Further Analysis,FA45,Menya Governorate (English),,,,https://dhsprogram.com/pubs/pdf/FA45/13AnnexB13.pdf,13AnnexB13.pdf,
DHS,Further Analysis,FA45,Menya Governorate (English),,,,https://dhsprogram.com/pubs/pdf/FA45/FA45.pdf,FA45.pdf,
DHS,Further Analysis,FA46,An In-Depth Analysis of HIV Prevalence in Ghana (English),,,,https://dhsprogram.com/pubs/pdf/FA46/FA46.pdf,FA46.pdf,
DHS,Further Analysis,FA47,The Stall in Mortality Decline in Ghana (English),,,,https://dhsprogram.com/pubs/pdf/FA47/FA47.pdf,FA47.pdf,
DHS,Further Analysis,FA48,Evaluating HIV Seroprevalence Estimates from Ethiopia (English),,,,https://dhsprogram.com/pubs/pdf/FA48/FA48.pdf,FA48.pdf,
DHS,Further Analysis,FA48,Evaluating HIV Seroprevalence Estimates from Ethiopia (English),,,,https://dhsprogram.com/pubs/pdf/FA48/FA48_Complete_Report_06-06-08.pdf,FA48_Complete_Report_06-06-08.pdf,
DHS,Further Analysis,FA49,The Treatment of Childhood Illness in Nepal (English),,,,https://dhsprogram.com/pubs/pdf/FA49/FA49.pdf,FA49.pdf,
DHS,Further Analysis,FA50,A Comparative Analysis of Unmet Need in Nepal (English),,,,https://dhsprogram.com/pubs/pdf/FA50/FA50.pdf,FA50.pdf,
DHS,Further Analysis,FA51,Effects of Communication Campaigns on the Health Behavior of Women of Reproductive Age in Nepal (English),,,,https://dhsprogram.com/pubs/pdf/FA51/FA51.pdf,FA51.pdf,
DHS,Further Analysis,FA52,Factors Responsible for the Rapid Decline of Fertility in Nepal - An Interpretation (English),,,,https://dhsprogram.com/pubs/pdf/FA52/FA52.pdf,FA52.pdf,
DHS,Further Analysis,FA53,Trends in Economic Differentials in Population and Health Outcomes (English),,,,https://dhsprogram.com/pubs/pdf/FA53/FA53.pdf,FA53.pdf,
DHS,Further Analysis,FA54,Improvements in Maternal Health in Nepal (English),,,,https://dhsprogram.com/pubs/pdf/FA54/FA54.pdf,FA54.pdf,
DHS,Further Analysis,FA55,The Relationship between Contraception and Abortion in the Republic of Georgia (English),,,,https://dhsprogram.com/pubs/pdf/FA55/FA55.pdf,FA55.pdf,
DHS,Further Analysis,FA56,"Changes in HIV-Related Knowledge and Behavior in Ethiopia, 2000-2005 (English)",,,,https://dhsprogram.com/pubs/pdf/FA56/FA56.pdf,FA56.pdf,
DHS,Further Analysis,FA57,Factors Associated with Prevalent HIV Infections among Ethiopian Adults (English),,,,https://dhsprogram.com/pubs/pdf/FA57/FA57.pdf,FA57.pdf,
DHS,Further Analysis,FA58,"Caste, Ethnic and Regional Identity in Nepal (English)",,,,https://dhsprogram.com/pubs/pdf/FA58/FA58.pdf,FA58.pdf,
DHS,Further Analysis,FA59,Model Further Analysis Plan: Contraceptive Use Dynamics (English),,,,https://dhsprogram.com/pubs/pdf/FA59/FA59.pdf,FA59.pdf,
DHS,Further Analysis,FA60,Unmet Need and the Demand for Family Planning in Uganda (English),,,,https://dhsprogram.com/pubs/pdf/FA60/FA60.pdf,FA60.pdf,
DHS,Further Analysis,FA61,"Fécondité, planification familiale et santé de la mère et de l'enfant à Madagascar Situation régionale (French)",,,,https://dhsprogram.com/pubs/pdf/FA61/FA61.pdf,FA61.pdf,
DHS,Further Analysis,FA62,"Unmet Need and Evaluation of Programme Options to Meet Unmet Need for Contraception in Ethiopia, 2000 and 2005 (English)",,,,https://dhsprogram.com/pubs/pdf/FA62/FA62.pdf,FA62.pdf,
DHS,Further Analysis,FA63,Évaluation de l'impact du biais des non réponses sur la prévalence du VIH estimée aud cours de l'EDSM-IV au Mali (French),,,,https://dhsprogram.com/pubs/pdf/FA63/FA63.pdf,FA63.pdf,
DHS,Further Analysis,FA64,Uganda - Key Findings from the 2006 UDHS - A Gender Perspective (English),,,,https://dhsprogram.com/pubs/pdf/FA64/FA64.pdf,FA64.pdf,
DHS,Further Analysis,FA65,"Changing Health Conditions and the Decline of Infant and Child Mortality in Benin (English, French)",,,,https://dhsprogram.com/pubs/pdf/FA65/FA65.pdf,FA65.pdf,
DHS,Further Analysis,FA66,"Childhood Mortality in Rwanda: Levels, Trends, and Differentials (English)",,,,https://dhsprogram.com/pubs/pdf/FA66/FA66.pdf,FA66.pdf,
DHS,Further Analysis,FA67,Levels and Trends of Contraceptive Prevalence and Estimate of Unmet Need for Family Planning in Rwanda (English),,,,https://dhsprogram.com/pubs/pdf/FA67/FA67.pdf,FA67.pdf,
DHS,Further Analysis,FA68,État nutritionnel des enfants de moins de cinq ans au Mali de 1995 à 2006 (French),,,,https://dhsprogram.com/pubs/pdf/FA68/FA68.pdf,FA68.pdf,
DHS,Further Analysis,FA69,"Pratique contraceptive et importance des besoins non satisfaits en matière de planification familiale au Mali, de 1995 à 2006 (French)",,,,https://dhsprogram.com/pubs/pdf/FA69/FA69.pdf,FA69.pdf,
DHS,Further Analysis,FA70,"HIV no seio dos casais em Moçambique: Estado serológico, conhecimento do estado, e factores associados com a serodiscordância do HIV (Portuguese)",,,,https://dhsprogram.com/pubs/pdf/FA70/FA70.pdf,FA70.pdf,
DHS,Further Analysis,FA71,"HIV among couples in Mozambique: HIV status, knowledge of status, and factors associated with HIV serodiscordance (English)",,,,https://dhsprogram.com/pubs/pdf/FA71/FA71.pdf,FA71.pdf,
DHS,Further Analysis,FA72,"Levels and Trends in Unmet Need for Family Planning among Adolescents and Young Women in Ethiopia: Further Analysis of the 2000, 2005, and 2011 Demographic and Health Surveys (English)",,,,https://dhsprogram.com/pubs/pdf/FA72/FA72.pdf,FA72.pdf,
DHS,Further Analysis,FA73,"Maternal and Child Health in Nepal: The Effects of Caste, Ethnicity, and Regional Identity (English)",,,,https://dhsprogram.com/pubs/pdf/FA73/FA73.pdf,FA73.pdf,
DHS,Further Analysis,FA74,"Impact of Male Migration on Contraceptive Use, Unmet Need and Fertility in Nepal (English)",,,,https://dhsprogram.com/pubs/pdf/FA74/FA74.pdf,FA74.pdf,
DHS,Further Analysis,FA75,Trends and Determinants of Neonatal Mortality in Nepal (English),,,,https://dhsprogram.com/pubs/pdf/FA75/FA75.pdf,FA75.pdf,
DHS,Further Analysis,FA76,Sexual and Reproductive Health of Adolescents and Youth in Nepal: Trends and Determinants (English),,,,https://dhsprogram.com/pubs/pdf/FA76/FA76.pdf,FA76.pdf,
DHS,Further Analysis,FA77,Women's Empowerment and Spousal Violence in Relation to Health Outcomes in Nepal (English),,,,https://dhsprogram.com/pubs/pdf/FA77/FA77.pdf,FA77.pdf,
DHS,Further Analysis,FA79,"An Analysis of the Trends, Differentials and Key Proximate Determinants of Infant and Under-Five Mortality in Ethiopia (English)",,,,https://dhsprogram.com/pubs/pdf/FA79/FA79.pdf,FA79.pdf,
DHS,Further Analysis,FA80,Components of Fertility Change in Ethiopia (English),,,,https://dhsprogram.com/pubs/pdf/FA80/FA80.pdf,FA80.pdf,
DHS,Further Analysis,FA81,"Trends and Determinants of Unmet Need for Family Planning and Programme Options, Ethiopia (English)",,,,https://dhsprogram.com/pubs/pdf/FA81/FA81.pdf,FA81.pdf,
DHS,Further Analysis,FA82,Women's Empowerment as a Determinant of Contraceptive use in Ethiopia (English),,,,https://dhsprogram.com/pubs/pdf/FA82/FA82.pdf,FA82.pdf,
DHS,Further Analysis,FA83,Multidimensional Child Deprivation Trend Analysis in Ethiopia (English),,,,https://dhsprogram.com/pubs/pdf/FA83/FA83.pdf,FA83.pdf,
DHS,Further Analysis,FA84,"Factors Associated with the Decline of Under-Five Mortality in Cambodia, 2000-2010 (English)",,,,https://dhsprogram.com/pubs/pdf/FA84/FA84.pdf,FA84.pdf,
DHS,Further Analysis,FA85,Completing the Continuum of Care for Maternal and Newborn Health in Cambodia: Who Drops Out? (English),,,,https://dhsprogram.com/pubs/pdf/FA85/FA85.pdf,FA85.pdf,
DHS,Further Analysis,FA86,Assessing Trends in Inequalities in Maternal and Child Health and Health Care in Cambodia (English),,,,https://dhsprogram.com/pubs/pdf/FA86/FA86.pdf,FA86.pdf,
DHS,Further Analysis,FA87,Reproductive Preferences in Cambodia (English),,,,https://dhsprogram.com/pubs/pdf/FA87/FA87.pdf,FA87.pdf,
DHS,Further Analysis,FA88,"Trends in Neonatal Mortality in Rwanda, 2000-2010 (English)",,,,https://dhsprogram.com/pubs/pdf/FA88/FA88.pdf,FA88.pdf,
DHS,Further Analysis,FA89,"Recent Trends in HIV-Related Knowledge and Behaviors in Rwanda, 2005-2010 (English)",,,,https://dhsprogram.com/pubs/pdf/FA89/FA89.pdf,FA89.pdf,
DHS,Further Analysis,FA90,Rwanda 2010: A Dramatic Change in Reproductive Behavior (English),,,,https://dhsprogram.com/pubs/pdf/FA90/FA90.pdf,FA90.pdf,
DHS,Further Analysis,FA91,"Family Planning in Mali: Further Analysis of the 2012-13 Demographic and Health Survey (English, French)",,,,https://dhsprogram.com/pubs/pdf/FA91/FA91.pdf,FA91.pdf,
DHS,Further Analysis,FA92,"Child Health and Nutrition in Mali: Further Analysis of the 2012-13 Demographic and Health Survey (English, French)",,,,https://dhsprogram.com/pubs/pdf/FA92/FA92.pdf,FA92.pdf,
DHS,Further Analysis,FA93,"Malaria Prevention and Treatment for Children Under Five in Mali: Further Analysis of the 2012-13 Demographic and Health Survey (English, French)",,,,https://dhsprogram.com/pubs/pdf/FA93/FA93.pdf,FA93.pdf,
DHS,Further Analysis,FA94,"Trends in Family Planning and Age at First Marriage among Women in Guinea: Further Analysis of the 2012 Demographic and Health Survey (English, French)",,,,https://dhsprogram.com/pubs/pdf/FA94/FA94.pdf,FA94.pdf,
DHS,Further Analysis,FA95,"Trends in Child Health in Guinea: Further Analysis of the 2005 and 2012 Demographic and Health Surveys (English, French)",,,,https://dhsprogram.com/pubs/pdf/FA95/FA95.pdf,FA95.pdf,
DHS,Further Analysis,FA96,"Infant Survival Outcomes in Guinea in Light of Improved Maternal and Child Care: Further Analysis of the 2005 and 2012 Demographic and Health Surveys (English, French)",,,,https://dhsprogram.com/pubs/pdf/FA96/FA96.pdf,FA96.pdf,
DHS,Further Analysis,FA97,"Trends in Maternal Health Indicators in Sierra Leone, 2008-2013 (English)",,,,https://dhsprogram.com/pubs/pdf/FA97/FA97.pdf,FA97.pdf,
DHS,Further Analysis,FA98,"The Men Are Away: Pregnancy Risk and Family Planning Needs among Women with a Migrant Husband in Barisal, Bangladesh (English)",,,,https://dhsprogram.com/pubs/pdf/FA98/FA98.pdf,FA98.pdf,
DHS,Further Analysis,FA99,"Why So Young? The Social Context of Early Childbearing and Contraception among Young Women in Khulna, Bangladesh (English)",,,,https://dhsprogram.com/pubs/pdf/FA99/FA99.pdf,FA99.pdf,
DHS,Further Analysis,FA100,"What Motivates Women to Act? Perspectives on the Value of and Experiences in Using Antenatal Care in Khulna and Rangpur, Bangladesh (English)",,,,https://dhsprogram.com/pubs/pdf/FA100/FA100.pdf,FA100.pdf,
DHS,Further Analysis,FA101,"Trends in Reproductive Behavior in Nigeria, 2003-2013 (English)",,,,https://dhsprogram.com/pubs/pdf/FA101/FA101.pdf,FA101.pdf,
DHS,Further Analysis,FA102,"Trends in Maternal Health in Nigeria, 2003-2013 (English)",,,,https://dhsprogram.com/pubs/pdf/FA102/FA102.pdf,FA102.pdf,
DHS,Further Analysis,FA103,"Trends in Child Health in Nigeria, 2003-2013 (English)",,,,https://dhsprogram.com/pubs/pdf/FA103/FA103.pdf,FA103.pdf,
DHS,Further Analysis,FA104,Current Issues in Reproductive Health in Cambodia: Teenage Fertility and Abortion (English),,,,https://dhsprogram.com/pubs/pdf/FA104/FA104.pdf,FA104.pdf,
DHS,Further Analysis,FA105,"Contraceptive Discontinuation, Failure, and Switching in Cambodia (English)",,,,https://dhsprogram.com/pubs/pdf/FA105/FA105.pdf,FA105.pdf,
DHS,Further Analysis,FA106,"Trends in Maternal and Child Health in Cambodia, 2000-2014 (English)",,,,https://dhsprogram.com/pubs/pdf/FA106/FA106.pdf,FA106.pdf,
DHS,Further Analysis,FA107,Trends in Reproductive Behavior in Rwanda (English),,,,https://dhsprogram.com/pubs/pdf/FA107/FA107.pdf,FA107.pdf,
DHS,Further Analysis,FA108,Trends in Maternal Health in Rwanda (English),,,,https://dhsprogram.com/pubs/pdf/FA108/FA108.pdf,FA108.pdf,
DHS,Further Analysis,FA109,Trends and Inequalities in Young Child Nutrition in Rwanda (English),,,,https://dhsprogram.com/pubs/pdf/FA109/FA109.pdf,FA109.pdf,
DHS,Further Analysis,FA110,Maternal Health Indicators in High-Priority Counties of Kenya: Levels and Inequities (English),,,,https://dhsprogram.com/pubs/pdf/FA110/FA110.pdf,FA110.pdf,
DHS,Further Analysis,FA111,Determinants of Maternal Care Seeking in Kenya (English),,,,https://dhsprogram.com/pubs/pdf/FA111/FA111.pdf,FA111.pdf,
DHS,Further Analysis,FA112,Quality of Care and Client Satisfaction with Maternal Health Services in Nepal (English),,,,https://dhsprogram.com/pubs/pdf/FA112/FA112.pdf,FA112.pdf,
DHS,Further Analysis,FA113,Quality of Family Planning Services Delivery and Family Planning Client Satisfaction at Health Facilities in Nepal (English),,,,https://dhsprogram.com/pubs/pdf/FA113/FA113.pdf,FA113.pdf,
DHS,Further Analysis,FA114,Client Satisfaction and Quality of Curative Services for Sick Children in Nepal (English),,,,https://dhsprogram.com/pubs/pdf/FA114/FA114.pdf,FA114.pdf,
DHS,Further Analysis,FA115,Health Services Availability and Readiness in Seven Provinces of Nepal (English),,,,https://dhsprogram.com/pubs/pdf/FA115/FA115.pdf,FA115.pdf,
DHS,Further Analysis,FA116,"Youth Health in Nepal: Levels, Trends, and Determinants (English)",,,,https://dhsprogram.com/pubs/pdf/FA116/FA116.pdf,FA116.pdf,
DHS,Further Analysis,FA117,"Inequalities in Health Outcomes and Access to Services by Caste/Ethnicity, Province, and Wealth Quintile in Nepal (English)",,,,https://dhsprogram.com/pubs/pdf/FA117/FA117.pdf,FA117.pdf,
DHS,Further Analysis,FA118,Maternal Health Care in Nepal: Trends and Determinants (English),,,,https://dhsprogram.com/pubs/pdf/FA118/FA118.pdf,FA118.pdf,
DHS,Further Analysis,FA119,"Unmet Need for Family Planning and Fertility in Nepal: Levels, Trends, and Determinants (English)",,,,https://dhsprogram.com/pubs/pdf/FA119/FA119.pdf,FA119.pdf,
DHS,Further Analysis,FA120,Childhood Illness and Mortality in Nepal: Trends and Determinants (English),,,,https://dhsprogram.com/pubs/pdf/FA120/FA120.pdf,FA120.pdf,
DHS,Further Analysis,FA121,Factors Affecting Vaccination Coverage and Retention of Vaccination Cards in Nepal (English),,,,https://dhsprogram.com/pubs/pdf/FA121/FA121.pdf,FA121.pdf,
DHS,Further Analysis,FA122,"Child Undernutrition and Feeding Practices in Nepal: Trends, Inequities, and Determinants (English)",,,,https://dhsprogram.com/pubs/pdf/FA122/FA122.pdf,FA122.pdf,
DHS,Further Analysis,FA123,"Assessment of the Quality of Antenatal Care, Family Planning, and Sick Child Care Services in Nepal (English)",,,,https://dhsprogram.com/pubs/pdf/FA123/FA123.pdf,FA123.pdf,
DHS,Further Analysis,FA124,Urban Health in Myanmar: Assessing Wealth-based Intra-urban Health Inequalities (English),,,,https://dhsprogram.com/pubs/pdf/FA124/FA124.pdf,FA124.pdf,
DHS,Further Analysis,FA125,Use of Maternal and Neonatal Health Services Associated with Neonatal Death in Myanmar (English),,,,https://dhsprogram.com/pubs/pdf/FA125/FA125.pdf,FA125.pdf,
DHS,Further Analysis,FA126,Regional Disparities and Determinants of Anemia and Modern Contraceptive Use among Women in Myanmar (English),,,,https://dhsprogram.com/pubs/pdf/FA126/FA126.pdf,FA126.pdf,
DHS,Further Analysis,FA127,Trends of Sexual and Reproductive Health Behaviors among Youth in the Philippines (English),,,,https://dhsprogram.com/pubs/pdf/FA127/FA127.pdf,FA127.pdf,
DHS,Further Analysis,FA128,"Trends and the Relationship between Maternal Health and Empowerment in Pakistan, 2012-2018 (English)",,,,https://dhsprogram.com/pubs/pdf/FA128/FA128.pdf,FA128.pdf,
DHS,Further Analysis,FA129,"Trends, Differentials, and Determinants of Modern Contraceptive Use in Pakistan, 1990-2018 (English)",,,,https://dhsprogram.com/pubs/pdf/FA129/FA129.pdf,FA129.pdf,
DHS,Further Analysis,FA130,"Trends in Internal Migration and Women's Empowerment in Pakistan, 2012-2018 (English)",,,,https://dhsprogram.com/pubs/pdf/FA130/FA130.pdf,FA130.pdf,
DHS,Further Analysis,FA131,Trends in and Factors Associated with Maternal and Child Health Indicators in Mali (English),,,,https://dhsprogram.com/pubs/pdf/FA131/FA131.pdf,FA131.pdf,
DHS,Further Analysis,FA132,Trends in and Factors Associated with Malaria Prevention in Mali (English),,,,https://dhsprogram.com/pubs/pdf/FA132/FA132.pdf,FA132.pdf,
DHS,Further Analysis,FA133,Household Structure and Healthcare Seeking Behaviour in Mali (English),,,,https://dhsprogram.com/pubs/pdf/FA133/FA133.pdf,FA133.pdf,
DHS,Further Analysis,FA134,Modern Contraceptive Use among Youth in Mali (English),,,,https://dhsprogram.com/pubs/pdf/FA134/FA134.pdf,FA134.pdf,
DHS,Further Analysis,FA135,"Inequalities in the Coverage of Reproductive, Maternal, Newborn, and Child Health Interventions in Mali (English)",,,,https://dhsprogram.com/pubs/pdf/FA135/FA135.pdf,FA135.pdf,
DHS,Further Analysis,FA136,"Availability, Readiness, and Utilization of Services in Mali (English)",,,,https://dhsprogram.com/pubs/pdf/FA136/FA136.pdf,FA136.pdf,
DHS,Further Analysis,FA137,Geospatial Modelling of Changes and Inequality in Nutrition Status among Children in Mali (English),,,,https://dhsprogram.com/pubs/pdf/FA137/FA137.pdf,FA137.pdf,
DHS,Further Analysis,FA138,Determinants of Health Insurance Coverage and Out-of-pocket Payments for Health Care in Jordan: Secondary Analysis of the 2017-18 JPFHS (English),,,,https://dhsprogram.com/pubs/pdf/FA138/FA138.pdf,FA138.pdf,
DHS,Further Analysis,FA139,Fertility Preferences and Contraceptive Behaviors among Ever-married Women and Men: An Analysis of the 2017-18 Jordan Population and Family Health Survey (English),,,,https://dhsprogram.com/pubs/pdf/FA139/FA139.pdf,FA139.pdf,
DHS,Further Analysis,FA139,Fertility Preferences and Contraceptive Behaviors among Ever-married Women and Men: An Analysis of the 2017-18 Jordan Population and Family Health Survey (English),,,,https://dhsprogram.com/pubs/pdf/FA139/OD79.pdf,OD79.pdf,
DHS,Further Analysis,FA140,Determinants of Modern Contraceptive Use in Jordan: Further Analysis of the Jordan Population and Family Health Survey 2017-18 (English),,,,https://dhsprogram.com/pubs/pdf/FA140/FA140.pdf,FA140.pdf,
DHS,Further Analysis,FA140,Determinants of Modern Contraceptive Use in Jordan: Further Analysis of the Jordan Population and Family Health Survey 2017-18 (English),,,,https://dhsprogram.com/pubs/pdf/FA140/OD79.pdf,OD79.pdf,
DHS,Further Analysis,FA141,Intention to Use Contraceptives in Jordan: Further Analysis of the Jordan Population and Family Health Survey 2017-18 (English),,,,https://dhsprogram.com/pubs/pdf/FA141/FA141.pdf,FA141.pdf,
DHS,Further Analysis,FA141,Intention to Use Contraceptives in Jordan: Further Analysis of the Jordan Population and Family Health Survey 2017-18 (English),,,,https://dhsprogram.com/pubs/pdf/FA141/OD79.pdf,OD79.pdf,
DHS,Further Analysis,FA142,An Analysis of Infant Mortality in the 2013 and 2019-20 Liberia Demographic and Health Surveys (English),,,,https://dhsprogram.com/pubs/pdf/FA142/FA142.pdf,FA142.pdf,
DHS,Further Analysis,FA143,"Levels and Quality of Provider Counseling in Nepal Health Facilities during Antenatal Care, Family Planning, and Sick Child Care Visits (English)",,,,https://dhsprogram.com/pubs/pdf/FA143/FA143.pdf,FA143.pdf,
DHS,Further Analysis,FA144,Understanding the Three Delays among Postpartum Women at Health Facilities in Nepal: Further Analysis of the Nepal Health Facility Survey 2021 (English),,,,https://dhsprogram.com/pubs/pdf/FA144/FA144.pdf,FA144.pdf,
DHS,Further Analysis,FA145,"Changes in Service Availability, Readiness, Process of Care, and Client Satisfaction with Maternal Health Care Services: A Comparison between the 2015 and 2021 Nepal Health Facility Surveys (English)",,,,https://dhsprogram.com/pubs/pdf/FA145/FA145.pdf,FA145.pdf,
DHS,Further Analysis,FA146,"Changes in Service Availability, Readiness, Process of Care, and Caregiver Satisfaction with Child Curative Services: A Comparison between the 2015 and 2021 Nepal Health Facility Surveys (English)",,,,https://dhsprogram.com/pubs/pdf/FA146/FA146.pdf,FA146.pdf,
DHS,Further Analysis,FA147,"Changes in Service Availability, Readiness,Process of Care, and Client Satisfaction of Family Planning Services: A Comparison between the 2015 and 2021 Nepal Health Facility Surveys (English)",,,,https://dhsprogram.com/pubs/pdf/FA147/FA147.pdf,FA147.pdf,
DHS,Further Analysis,FA148,"Effective Coverage of Sick Child Care Services and Relationship with Under-5 Mortality Across Seven Provinces, 2022 Nepal DHS and 2021 Nepal HFS (English)",,,,https://dhsprogram.com/pubs/pdf/FA148/FA148.pdf,FA148.pdf,
DHS,Further Analysis,FA149,"Factors Associated with High Blood Pressure Among Men and Women Age 15 and Older, 2016–2022 Nepal DHS Surveys (English)",,,,https://dhsprogram.com/pubs/pdf/FA149/FA149.pdf,FA149.pdf,
DHS,Further Analysis,FA150,"Deeper Analysis to Deconstruct the Contributors to Significant Improvement in Key Nutrition Outcomes, 2016-2022 Nepal DHS Surveys (English)",,,,https://dhsprogram.com/pubs/pdf/FA150/FA150.pdf,FA150.pdf,
DHS,Further Analysis,FA151,"Trends in and Determinants of Neonatal Mortality and Availability and Service Readiness for Newborn Care, 2016–2022 Nepal DHS Surveys and 2015–2021 Nepal HFS Surveys (English)",,,,https://dhsprogram.com/pubs/pdf/FA151/FA151.pdf,FA151.pdf,
DHS,Further Analysis,FA152,"Equity Analysis of Maternal Health Services in Nepal: Trends and Determinants, 2011–2022 Nepal DHS Surveys (English)",,,,https://dhsprogram.com/pubs/pdf/FA152/FA152.pdf,FA152.pdf,
DHS,Further Analysis,FA153,"Trends in and Determinants of Adolescent Marriage, Childbirth, and Unmet Need for Family Planning, 2011–2022 Nepal DHS Surveys (English)",,,,https://dhsprogram.com/pubs/pdf/FA153/FA153.pdf,FA153.pdf,
DHS,Further Analysis,FA154,"Determinants of Violence Against Women Perpetrated by Intimate Partners and Nonpartners, 2022 Nepal DHS (English)",,,,https://dhsprogram.com/pubs/pdf/FA154/FA154.pdf,FA154.pdf,
DHS,Further Analysis,FA155,"Factors Associated with Stagnation in Modern Contraceptive Use, Declining Fertility, Increased Use of Traditional Methods, and Induced Abortion, 2016–2022 Nepal DHS Surveys (English)",,,,https://dhsprogram.com/pubs/pdf/FA155/FA155.pdf,FA155.pdf,
DHS,Further Analysis,FA156,"Trends in and Determinants of Vaccination Among Children Age 12–23 Months, 2011–2022 Nepal DHS Surveys (English)",,,,https://dhsprogram.com/pubs/pdf/FA156/FA156.pdf,FA156.pdf,
DHS,Further Analysis,FA157,"Baseline Status of Basic Health Service Delivery, 2022 Nepal DHS and 2021 Nepal HFS (English)",,,,https://dhsprogram.com/pubs/pdf/FA157/FA157.pdf,FA157.pdf,
DHS,Further Analysis,FA158,"Prevalence of and Care Seeking for Diarrhea and Fever Among Children Under 5: An Intersectional Equity Analysis, 2011–2022 Nepal DHS Surveys (English)",,,,https://dhsprogram.com/pubs/pdf/FA158/FA158.pdf,FA158.pdf,
DHS,Analytical Studies,AS1,The Substitution of Contraception for Abortion in Kazakhstan in the 1990's (English),,,,https://dhsprogram.com/pubs/pdf/AS1/AS1.PDF,AS1.PDF,
DHS,Analytical Studies,AS1,The Substitution of Contraception for Abortion in Kazakhstan in the 1990's (English),,,,https://dhsprogram.com/pubs/pdf/AS1/AS1.pdf,AS1.pdf,
DHS,Analytical Studies,AS2,Gap Between Preferred and Actual Birth Intervals in Sub-Saharan Africa: Implications for Fertility and Child Health (English),,,,https://dhsprogram.com/pubs/pdf/AS2/AS2.pdf,AS2.pdf,
DHS,Analytical Studies,AS3,Trends and Differentials in Adolescent Reproductive Behavior in Sub-Saharan Africa (English),,,,https://dhsprogram.com/pubs/pdf/AS3/AS3.pdf,AS3.pdf,
DHS,Analytical Studies,AS4,The Contraception-Fertility Link in Sub-Saharan Africa and in Other Developing Countries (English),,,,https://dhsprogram.com/pubs/pdf/AS4/AS4.pdf,AS4.pdf,
DHS,Analytical Studies,AS5,Female Genital Cutting in Guinea: Qualitative and Quantitative Research Strategies (English),,,,https://dhsprogram.com/pubs/pdf/AS5/AS5.pdf,AS5.pdf,
DHS,Analytical Studies,AS6,Contraception-Abortion Connections In Armenia (English),,,,https://dhsprogram.com/pubs/pdf/AS6/AS6.pdf,AS6.pdf,
DHS,Analytical Studies,AS7,Trends in Delivery Care in Six Countries (English),,,,https://dhsprogram.com/pubs/pdf/AS7/AS7.pdf,AS7.pdf,
DHS,Analytical Studies,AS8,Recent Trends in Abortion and Contraception in 12 Countries (English),,,,https://dhsprogram.com/pubs/pdf/AS8/AS8.pdf,AS8.pdf,
DHS,Analytical Studies,AS9,The Stall in the Fertility Transition in Kenya (English),,,,https://dhsprogram.com/pubs/pdf/AS9/AS9.pdf,AS9.pdf,
DHS,Analytical Studies,AS10,Spousal Agreement on Reproductive Preferences on Sub-Saharan Africa (English),,,,https://dhsprogram.com/pubs/pdf/AS10/AS10.pdf,AS10.pdf,
DHS,Analytical Studies,AS11,Spousal Agreement on Family Planning in Sub-Saharan Africa (English),,,,https://dhsprogram.com/pubs/pdf/AS11/AS11.pdf,AS11.pdf,
DHS,Analytical Studies,AS12,Evaluating HIV Estimates from National Population-Based Surveys for Bias Resulting from Non-Response (English),,,,https://dhsprogram.com/pubs/pdf/AS12/AS12.pdf,AS12.pdf,
DHS,Analytical Studies,AS13,A New Approach to Estimating Abortion Rates (English),,,,https://dhsprogram.com/pubs/pdf/AS13/AS13.pdf,AS13.pdf,
DHS,Analytical Studies,AS14,"Contraceptive Use, Breastfeeding, Amenorrhea and Abstinence During the Postpartum Period: An Analysis of Four Countries (English)",,,,https://dhsprogram.com/pubs/pdf/AS14/AS14.pdf,AS14.pdf,
DHS,Analytical Studies,AS15,Orphans and Vulnerable Children in High HIV-Prevalence Countries in Sub-Saharan Africa (English),,,,https://dhsprogram.com/pubs/pdf/AS15/AS15.pdf,AS15.pdf,
DHS,Analytical Studies,AS16,HIV and Nutrition among Women in Sub-Saharan Africa (English),,,,https://dhsprogram.com/pubs/pdf/AS16/AS16.pdf,AS16.pdf,
DHS,Analytical Studies,AS17,Incontinence Data from the Demographic and Health Surveys: Comparative Analysis of a Proxy Measurement of Vaginal Fistula and Recommendations for Future Population-Based Data Collection (English),,,,https://dhsprogram.com/pubs/pdf/AS17/AS17.pdf,AS17.pdf,
DHS,Analytical Studies,AS18,Intimate Partner Violence among Couples in 10 DHS Countries: Predictors and Health Outcomes (English),,,,https://dhsprogram.com/pubs/pdf/AS18/AS18.pdf,AS18.pdf,
DHS,Analytical Studies,AS19,Fieldwork-Related Factors and Data Quality in the Demographic and Health Surveys Program (English),,,,https://dhsprogram.com/pubs/pdf/AS19/AS19.pdf,AS19.pdf,
DHS,Analytical Studies,AS20,"Levels, Trends, and Reasons for Contraceptive Discontinuation (English)",,,,https://dhsprogram.com/pubs/pdf/AS20/AS20.pdf,AS20.pdf,
DHS,Analytical Studies,AS21,Birth Spacing and Limiting Connections (English),,,,https://dhsprogram.com/pubs/pdf/AS21/AS21.pdf,AS21.pdf,
DHS,Analytical Studies,AS22,The Impact of Contraceptive Failure on Unintended Births and Induced Abortions: Estimates and Strategies for Reduction (English),,,,https://dhsprogram.com/pubs/pdf/AS22/AS22.pdf,AS22.pdf,
DHS,Analytical Studies,AS23,Changes in the Direct and Indirect Determinants of Fertility in Sub-Saharan Africa (English),,,,https://dhsprogram.com/pubs/pdf/AS23/AS23.pdf,AS23.pdf,
DHS,Analytical Studies,AS24,The Impact of Television and Radio on Reproductive Behavior and on HIV/AIDS Knowledge and Behavior (English),,,,https://dhsprogram.com/pubs/pdf/AS24/AS24.pdf,AS24.pdf,
DHS,Analytical Studies,AS25,Revising Unmet Need for Family Planning (English),,,,https://dhsprogram.com/pubs/pdf/AS25/AS25.pdf,AS25.pdf,
DHS,Analytical Studies,AS25,Revising Unmet Need for Family Planning (English),,,,https://dhsprogram.com/pubs/pdf/AS25/AS25[12June2012].pdf,AS25[12June2012].pdf,
DHS,Analytical Studies,AS26,How Family Planning Supply and the Service Environment Affect Contraceptive Use: Findings from Four East African Countries (English),,,,https://dhsprogram.com/pubs/pdf/AS26/AS26.pdf,AS26.pdf,
DHS,Analytical Studies,AS27,Women's and Men's Experience of Spousal Violence in Two African Countries: Does Gender Matter? (English),,,,https://dhsprogram.com/pubs/pdf/AS27/AS27.pdf,AS27.pdf,
DHS,Analytical Studies,AS28,Unmet Need for Modern Contraceptive Methods (English),,,,https://dhsprogram.com/pubs/pdf/AS28/AS28.pdf,AS28.pdf,
DHS,Analytical Studies,AS29,HIV-Related Knowledge and Behaviors among People Living with HIV in Eight High HIV Prevalence Countries in Sub-Saharan Africa (English),,,,https://dhsprogram.com/pubs/pdf/AS29/AS29.pdf,AS29.pdf,
DHS,Analytical Studies,AS30,Integration of HIV and Family Planning Health Services in Sub-Saharan Africa (English),,,,https://dhsprogram.com/pubs/pdf/AS30/AS30.pdf,AS30.pdf,
DHS,Analytical Studies,AS31,Anemia as an Impact Measure of ITN Use among Young Children (English),,,,https://dhsprogram.com/pubs/pdf/AS31/AS31.pdf,AS31.pdf,
DHS,Analytical Studies,AS32,Improving Estimates of Insecticide-Treated Mosquito Net Coverage from Household Surveys: Using Geographic Coordinates to Account for Endemicity and Seasonality (English),,,,https://dhsprogram.com/pubs/pdf/AS32/AS32.pdf,AS32.pdf,
DHS,Analytical Studies,AS33,Education and Fertility in Sub-Saharan Africa: A Longitudinal Perspective (English),,,,https://dhsprogram.com/pubs/pdf/AS33/AS33.pdf,AS33.pdf,
DHS,Analytical Studies,AS34,Indicators of Trends in Fertility in Sub-Saharan Africa (English),,,,https://dhsprogram.com/pubs/pdf/AS34/AS34.pdf,AS34.pdf,
DHS,Analytical Studies,AS35,HIV Status and Cohabitation in Sub-Saharan Africa (English),,,,https://dhsprogram.com/pubs/pdf/AS35/AS35.pdf,AS35.pdf,
DHS,Analytical Studies,AS36,Spousal Violence and HIV: Exploring the Linkages in Five Sub-Saharan African Countries (English),,,,https://dhsprogram.com/pubs/pdf/AS36/AS36.pdf,AS36.pdf,
DHS,Analytical Studies,AS37,"The Effects of Fertility Behavior on Child Survival and Child Nutritional Status: Evidence from the Demographic and Health Surveys, 2006 to 2012 (English)",,,,https://dhsprogram.com/pubs/pdf/AS37/AS37.pdf,AS37.pdf,
DHS,Analytical Studies,AS38,"Association between Economic Growth, Coverage of Maternal and Child Health Interventions, and Under-Five Mortality: A Repeated Cross-Sectional Analysis of 36 Sub-Saharan African Countries (English)",,,,https://dhsprogram.com/pubs/pdf/AS38/AS38.pdf,AS38.pdf,
DHS,Analytical Studies,AS39,Preventing Malaria during Pregnancy in Sub-Saharan Africa: Determinants of Effective IPTp Delivery (English),,,,https://dhsprogram.com/pubs/pdf/AS39/AS39.pdf,AS39.pdf,
DHS,Analytical Studies,AS40,HIV Prevalence Patterns by Age and Sex: Exploring Differences among 19 Countries (English),,,,https://dhsprogram.com/pubs/pdf/AS40/AS40.pdf,AS40.pdf,
DHS,Analytical Studies,AS41,Contextual Influences of Modern Contraceptive Use among Rural Women in Rwanda and Nepal (English),,,,https://dhsprogram.com/pubs/pdf/AS41/AS41.pdf,AS41.pdf,
DHS,Analytical Studies,AS42,Trends in Marriage and Contraception in Sub-Saharan Africa: A Longitudinal Perspective on Factors of Fertility Decline (English),,,,https://dhsprogram.com/pubs/pdf/AS42/AS42.pdf,AS42.pdf,
DHS,Analytical Studies,AS43,Measures of Malaria Parasitemia Prevalence in National Surveys: Agreement between Rapid Diagnostic Tests and Microscopy (English),,,,https://dhsprogram.com/pubs/pdf/AS43/AS43.pdf,AS43.pdf,
DHS,Analytical Studies,AS44,"Assessing the Quality of Care in Family Planning, Antenatal, and Sick Child Services at Health Facilities in Kenya, Namibia, and Senegal (English)",,,,https://dhsprogram.com/pubs/pdf/AS44/AS44.pdf,AS44.pdf,
DHS,Analytical Studies,AS45,Health Insurance Coverage and Its Impact on Maternal Health Care Utilization in Low- and Middle-Income Countries (English),,,,https://dhsprogram.com/pubs/pdf/AS45/AS45.pdf,AS45.pdf,
DHS,Analytical Studies,AS46,"Impact of Scale-up of Maternal and Delivery Care on Reductions in Neonatal Mortality in USAID MCH Priority Countries, 2000-2010 (English)",,,,https://dhsprogram.com/pubs/pdf/AS46/AS46.pdf,AS46.pdf,
DHS,Analytical Studies,AS47,Contraceptive Dynamics Following HIV Testing (English),,,,https://dhsprogram.com/pubs/pdf/AS47/AS47.pdf,AS47.pdf,
DHS,Analytical Studies,AS48,Religion and Reproductive Behavior in Sub-Saharan Africa (English),,,,https://dhsprogram.com/pubs/pdf/AS48/AS48.pdf,AS48.pdf,
DHS,Analytical Studies,AS49,Men and Contraception: Trends in Attitudes and Use (English),,,,https://dhsprogram.com/pubs/pdf/AS49/AS49.pdf,AS49.pdf,
DHS,Analytical Studies,AS50,"Contraception Needed to Avoid High-Fertility-Risk Births, and Maternal and Child Deaths That Would Be Averted (English)",,,,https://dhsprogram.com/pubs/pdf/AS50/AS50.pdf,AS50.pdf,
DHS,Analytical Studies,AS51,The Relationship between the Health Service Environment and Service Utilization: Linking Population Data to Health Facilities Data in Haiti and Malawi (English),,,,https://dhsprogram.com/pubs/pdf/AS51/AS51.pdf,AS51.pdf,
DHS,Analytical Studies,AS52,Increasing Equity of Insecticide-Treated Net Ownership in Sub-Saharan Africa from 2003 to 2014 (English),,,,https://dhsprogram.com/pubs/pdf/AS52/AS52.pdf,AS52.pdf,
DHS,Analytical Studies,AS53,An Inventory of Alcohol-Related Questions in the Demographic and Health Surveys and an Analysis of Alcohol Use and Unsafe Sex in Sub-Saharan Africa (English),,,,https://dhsprogram.com/pubs/pdf/AS53/AS53.pdf,AS53.pdf,
DHS,Analytical Studies,AS54,Uptake and Discontinuation of Long-Acting Reversible Contraceptives (LARCs) in Low-Income Countries (English),,,,https://dhsprogram.com/pubs/pdf/AS54/AS54.pdf,AS54.pdf,
DHS,Analytical Studies,AS55,"Quality of Care in Family Planning Services at Health Facilities in Senegal (English, French)",,,,https://dhsprogram.com/pubs/pdf/AS55/AS55.AB.E.pdf,AS55.AB.E.pdf,
DHS,Analytical Studies,AS55,"Quality of Care in Family Planning Services at Health Facilities in Senegal (English, French)",,,,https://dhsprogram.com/pubs/pdf/AS55/AS55.AB.F.pdf,AS55.AB.F.pdf,
DHS,Analytical Studies,AS55,"Quality of Care in Family Planning Services at Health Facilities in Senegal (English, French)",,,,https://dhsprogram.com/pubs/pdf/AS55/AS55.F.pdf,AS55.F.pdf,
DHS,Analytical Studies,AS55,"Quality of Care in Family Planning Services at Health Facilities in Senegal (English, French)",,,,https://dhsprogram.com/pubs/pdf/AS55/AS55.pdf,AS55.pdf,
DHS,Analytical Studies,AS56,Marriage and Fertility Dynamics: The Influence of Marriage Age on the Timing of First Birth and Birth Spacing (English),,,,https://dhsprogram.com/pubs/pdf/AS56/AS56.pdf,AS56.pdf,
DHS,Analytical Studies,AS57,Intimate Partner Violence and Interruption to Contraceptive Use (English),,,,https://dhsprogram.com/pubs/pdf/AS57/AS57.pdf,AS57.pdf,
DHS,Analytical Studies,AS58,Long Term Trajectories of Fertility and Contraceptive Use (English),,,,https://dhsprogram.com/pubs/pdf/AS58/AS58.pdf,AS58.pdf,
DHS,Analytical Studies,AS59,"Levels and Determinants of Out-of-Pocket Health Expenditures in the Democratic Republic of the Congo, Liberia, Namibia, and Rwanda (English)",,,,https://dhsprogram.com/pubs/pdf/AS59/AS59.pdf,AS59.pdf,
DHS,Analytical Studies,AS60,"Provider Counseling and Knowledge Transfer in Health Facilities of Haiti, Malawi, and Senegal (English)",,,,https://dhsprogram.com/pubs/pdf/AS60/AS60.pdf,AS60.pdf,
DHS,Analytical Studies,AS61,Using Household Survey Data to Explore the Effects of Improved Housing Conditions on Malaria Infection in Children in Sub-Saharan Africa (English),,,,https://dhsprogram.com/pubs/pdf/AS61/AS61.pdf,AS61.pdf,
DHS,Analytical Studies,AS62,"Integration of Infectious Disease Services with Antenatal Care Services at Health Facilities in Kenya, Malawi, and Tanzania (English)",,,,https://dhsprogram.com/pubs/pdf/AS62/AS62.pdf,AS62.pdf,
DHS,Analytical Studies,AS63,"Trends, Determinants, and Dynamics of Traditional Contraceptive Method Use (English)",,,,https://dhsprogram.com/pubs/pdf/AS63/AS63.pdf,AS63.pdf,
DHS,Analytical Studies,AS64,Does Men's Involvement Improve the Health Outcomes of Their Partners and Children? (English),,,,https://dhsprogram.com/pubs/pdf/AS64/AS64.pdf,AS64.pdf,
DHS,Analytical Studies,AS65,"Effective Coverage of Facility Delivery in Bangladesh, Haiti, Malawi, Nepal, Senegal, and Tanzania (English)",,,,https://dhsprogram.com/pubs/pdf/AS65/AS65.pdf,AS65.pdf,
DHS,Analytical Studies,AS66,The Association of Deforestation and Other Environmental Factors with Child Health and Mortality (English),,,,https://dhsprogram.com/pubs/pdf/AS66/AS66.pdf,AS66.pdf,
DHS,Analytical Studies,AS66,The Association of Deforestation and Other Environmental Factors with Child Health and Mortality (English),,,,https://dhsprogram.com/pubs/pdf/AS66/Comment_on_AS66.pdf,Comment_on_AS66.pdf,
DHS,Analytical Studies,AS67,"Gaps in Service Utilization and Service Provision: An Analysis of DHS and SPA Malaria Data from Malawi, Senegal, and Tanzania (English)",,,,https://dhsprogram.com/pubs/pdf/AS67/AS67.pdf,AS67.pdf,
DHS,Analytical Studies,AS68,Thermal Care and Umbilical Cord Care Practices and Their Association with Newborn Mortality (English),,,,https://dhsprogram.com/pubs/pdf/AS68/AS68.pdf,AS68.pdf,
DHS,Analytical Studies,AS69,"Trends, Inequalities, and Contextual Determinants of Child Marriage in Asia (English)",,,,https://dhsprogram.com/pubs/pdf/AS69/AS69.pdf,AS69.pdf,
DHS,Analytical Studies,AS70,Quality of Diagnostic Services for Non-Severe Suspected Malaria Cases: An Analysis of National Health Facility Surveys from Malawi and Tanzania (English),,,,https://dhsprogram.com/pubs/pdf/AS70/AS70.AB.pdf,AS70.AB.pdf,
DHS,Analytical Studies,AS70,Quality of Diagnostic Services for Non-Severe Suspected Malaria Cases: An Analysis of National Health Facility Surveys from Malawi and Tanzania (English),,,,https://dhsprogram.com/pubs/pdf/AS70/AS70.pdf,AS70.pdf,
DHS,Analytical Studies,AS71,Regional Disparities in Fertility Preferences and Demand for Family Planning Satisfied by Modern Methods across Levels of Poverty (English),,,,https://dhsprogram.com/pubs/pdf/AS71/AS71.pdf,AS71.pdf,
DHS,Analytical Studies,AS72,Women's Contraceptive Profiles throughout the Life Course in Burundi and Nepal (English),,,,https://dhsprogram.com/pubs/pdf/AS72/AS72.pdf,AS72.pdf,
DHS,Analytical Studies,AS72,Women's Contraceptive Profiles throughout the Life Course in Burundi and Nepal (English),,,,https://dhsprogram.com/pubs/pdf/AS72/AS72_ERRATA_12_9_2019.pdf,AS72_ERRATA_12_9_2019.pdf,
DHS,Analytical Studies,AS73,"Variations in Health Outcomes with Alternative Measures of Urbanicity, Using Demographic and Health Surveys 2013-18 (English)",,,,https://dhsprogram.com/pubs/pdf/AS73/AS73.pdf,AS73.pdf,
DHS,Analytical Studies,AS74,"Contraceptive Use, Method Mix, and Method Availability: A Multilevel Analysis (English)",,,,https://dhsprogram.com/pubs/pdf/AS74/AS74.pdf,AS74.pdf,
DHS,Analytical Studies,AS75,Typologies and Trajectories: A Descriptive Study of Men's Reproductive Life Course (English),,,,https://dhsprogram.com/pubs/pdf/AS75/AB15.pdf,AB15.pdf,
DHS,Analytical Studies,AS75,Typologies and Trajectories: A Descriptive Study of Men's Reproductive Life Course (English),,,,https://dhsprogram.com/pubs/pdf/AS75/AS75.pdf,AS75.pdf,
DHS,Analytical Studies,AS76,Household Wealth Relative to Community Wealth: Associations with Specific Asset Ownership and Maternal and Child Health Indicators (English),,,,https://dhsprogram.com/pubs/pdf/AS76/AS76.pdf,AS76.pdf,
DHS,Analytical Studies,AS77,Young Women's Empowerment and Fertility Intentions (English),,,,https://dhsprogram.com/pubs/pdf/AS77/AS77.pdf,AS77.pdf,
DHS,Analytical Studies,AS78,Comparing Ideal and Completed Family Size: A Focus on Women in Low-and Middle-Income Countries with Unrealized Fertility (English),,,,https://dhsprogram.com/pubs/pdf/AS78/AS78.pdf,AS78.pdf,
DHS,Analytical Studies,AS79,Correlates of Secondary Infertility (English),,,,https://dhsprogram.com/pubs/pdf/AS79/AS79.pdf,AS79.pdf,
DHS,Analytical Studies,AS80,Patterns of Reproductive Health among Women with Disabilities (English),,,,https://dhsprogram.com/pubs/pdf/AS80/AS80.pdf,AS80.pdf,
DHS,Analytical Studies,AS81,Urban Poverty and Child Health Indicators in Six African Countries with DHS Data (English),,,,https://dhsprogram.com/pubs/pdf/AS81/AB24.pdf,AB24.pdf,
DHS,Analytical Studies,AS81,Urban Poverty and Child Health Indicators in Six African Countries with DHS Data (English),,,,https://dhsprogram.com/pubs/pdf/AS81/AB24_DRC.pdf,AB24_DRC.pdf,
DHS,Analytical Studies,AS81,Urban Poverty and Child Health Indicators in Six African Countries with DHS Data (English),,,,https://dhsprogram.com/pubs/pdf/AS81/AB24_Ethiopia.pdf,AB24_Ethiopia.pdf,
DHS,Analytical Studies,AS81,Urban Poverty and Child Health Indicators in Six African Countries with DHS Data (English),,,,https://dhsprogram.com/pubs/pdf/AS81/AB24_Kenya.pdf,AB24_Kenya.pdf,
DHS,Analytical Studies,AS81,Urban Poverty and Child Health Indicators in Six African Countries with DHS Data (English),,,,https://dhsprogram.com/pubs/pdf/AS81/AB24_Nigeria.pdf,AB24_Nigeria.pdf,
DHS,Analytical Studies,AS81,Urban Poverty and Child Health Indicators in Six African Countries with DHS Data (English),,,,https://dhsprogram.com/pubs/pdf/AS81/AB24_Tanzania.pdf,AB24_Tanzania.pdf,
DHS,Analytical Studies,AS81,Urban Poverty and Child Health Indicators in Six African Countries with DHS Data (English),,,,https://dhsprogram.com/pubs/pdf/AS81/AB24_Uganda.pdf,AB24_Uganda.pdf,
DHS,Analytical Studies,AS81,Urban Poverty and Child Health Indicators in Six African Countries with DHS Data (English),,,,https://dhsprogram.com/pubs/pdf/AS81/AS81.pdf,AS81.pdf,
DHS,Analytical Studies,AS82,Collective Gender and Fertility Norms and Modern Contraceptive Use (English),,,,https://dhsprogram.com/pubs/pdf/AS82/AS82.pdf,AS82.pdf,
DHS,Analytical Studies,AS83,The Gender Digital Divide: Evidence from Demographic and Health Surveys (English),,,,https://dhsprogram.com/pubs/pdf/AS83/AS83.pdf,AS83.pdf,
DHS,Analytical Studies,AS84,Equity in Effective Coverage of Antenatal and Sick Child Care (English),,,,https://dhsprogram.com/pubs/pdf/AS84/AS84.pdf,AS84.pdf,
DHS,Analytical Studies,AS85,Electrification and Refrigeration: Associations with Child Nutrition and Vaccination (English),,,,https://dhsprogram.com/pubs/pdf/AS85/AS85.pdf,AS85.pdf,
DHS,Analytical Studies,AS86,The Relationship between Digital Access and Use and Health Outcomes: Evidence from Demographic and Health Surveys (English),,,,https://dhsprogram.com/pubs/pdf/AS86/AS86.pdf,AS86.pdf,
DHS,Analytical Studies,AS87,Internal Adult Women Migrants' Use and Access to Health Services in 15 DHS Countries (English),,,,https://dhsprogram.com/pubs/pdf/AS87/AS87.pdf,AS87.pdf,
DHS,Analytical Studies,AS88,"The Effect of Fertility Behavior on Child Survival: Evidence from the Demographic and Health Surveys, 2012–2022 (English)",,,,https://dhsprogram.com/pubs/pdf/AS88/AS88.pdf,AS88.pdf,
DHS,Analytical Studies,AS89,Inequalities in Effective Coverage by Urban Poverty Status (English),,,,https://dhsprogram.com/pubs/pdf/AS89/AS89.pdf,AS89.pdf,
DHS,Comparative Reports,CR1,Unmet Need at the End of the Century (English),,,,https://dhsprogram.com/pubs/pdf/CR1/C1.pdf,C1.pdf,
DHS,Comparative Reports,CR2,Reproductive Preferences in Developing Countries at the Turn of the Century (English),,,,https://dhsprogram.com/pubs/pdf/CR2/CR2.pdf,CR2.pdf,
DHS,Comparative Reports,CR3,"Fertility Levels, Trends, and Differentials 1995-1999 (English)",,,,https://dhsprogram.com/pubs/pdf/CR3/CR3.pdf,CR3.pdf,
DHS,Comparative Reports,CR3,"Fertility Levels, Trends, and Differentials 1995-1999 (English)",,,,https://dhsprogram.com/pubs/pdf/CR3/cr3.pdf,cr3.pdf,
DHS,Comparative Reports,CR4,Childhood Mortality in the Developing World (English),,,,https://dhsprogram.com/pubs/pdf/CR4/CR4.pdf,CR4.pdf,
DHS,Comparative Reports,CR5,Trends in Marriage and Early Childbearing in Developing Countries (English),,,,https://dhsprogram.com/pubs/pdf/CR5/CR5.pdf,CR5.pdf,
DHS,Comparative Reports,CR6,The DHS Wealth Index (English),,,,https://dhsprogram.com/pubs/pdf/CR6/CR6.pdf,CR6.pdf,
DHS,Comparative Reports,CR7,Female Genital Cutting in the Demographic and Health Surveys: A Critical and Comparative Analysis (English),,,,https://dhsprogram.com/pubs/pdf/CR7/CR7.pdf,CR7.pdf,
DHS,Comparative Reports,CR8,"Child Morbidity and Treatment Patterns, 2004 (English)",,,,https://dhsprogram.com/pubs/pdf/CR8/CR8.pdf,CR8.pdf,
DHS,Comparative Reports,CR9,"Infecundity, Infertility, and Childlessness in Developing Countries (English)",,,,https://dhsprogram.com/pubs/pdf/CR9/CR9.pdf,CR9.pdf,
DHS,Comparative Reports,CR10,Nutritional Status of Children: Results from the Demographic and Health Surveys 1994 - 2001 (English),,,,https://dhsprogram.com/pubs/pdf/CR10/CR10.pdf,CR10.pdf,
DHS,Comparative Reports,CR11,"The Context of Women's Health: Results from the Demographic and Health Surveys, 1994-2001 (English)",,,,https://dhsprogram.com/pubs/pdf/CR11/CR11.pdf,CR11.pdf,
DHS,Comparative Reports,CR12,L'Excision dans les Enquetes Demographiques et de Sante: Une Analyse Comparative (French),,,,https://dhsprogram.com/pubs/pdf/CR12/CR12-Fr.pdf,CR12-Fr.pdf,
DHS,Comparative Reports,CR12,L'Excision dans les Enquetes Demographiques et de Sante: Une Analyse Comparative (French),,,,https://dhsprogram.com/pubs/pdf/CR12/CR12.pdf,CR12.pdf,
DHS,Comparative Reports,CR13,Premarital Fertility and Ethnicity in Africa (English),,,,https://dhsprogram.com/pubs/pdf/CR13/CR13.pdf,CR13.pdf,
DHS,Comparative Reports,CR14,New Estimates of Unmet Need and the Demand for Family Planning (English),,,,https://dhsprogram.com/pubs/pdf/CR14/CR14.pdf,CR14.pdf,
DHS,Comparative Reports,CR15,Postpartum Care: Levels and Determinants in Developing Countries (English),,,,https://dhsprogram.com/pubs/pdf/CR15/CR15.pdf,CR15.pdf,
DHS,Comparative Reports,CR16,Contraceptive Trends in Developing Countries (English),,,,https://dhsprogram.com/pubs/pdf/CR16/CR16.pdf,CR16.pdf,
DHS,Comparative Reports,CR17,"Men's Reproductive Health: Findings from the Demographic and Health Surveys, 1995-2004 (English)",,,,https://dhsprogram.com/pubs/pdf/CR17/CR17.pdf,CR17.pdf,
DHS,Comparative Reports,CR18,Fertility Changes in Sub-Saharan Africa (English),,,,https://dhsprogram.com/pubs/pdf/CR18/CR18.pdf,CR18.pdf,
DHS,Comparative Reports,CR19,Youth Reproductive and Sexual Health (English),,,,https://dhsprogram.com/pubs/pdf/CR19/CR19.pdf,CR19.pdf,
DHS,Comparative Reports,CR20,Understanding Women's Empowerment: A Comparative Analysis of Demographic and Health Surveys (DHS) Data (English),,,,https://dhsprogram.com/pubs/pdf/CR20/CR20.pdf,CR20.pdf,
DHS,Comparative Reports,CR21,Medical Injection Use and HIV in Sub-Saharan Africa (English),,,,https://dhsprogram.com/pubs/pdf/CR21/CR21.pdf,CR21.pdf,
DHS,Comparative Reports,CR22,Levels and Spread of HIV Seroprevalence and Associated Factors: Evidence from National Household Surveys (English),,,,https://dhsprogram.com/pubs/pdf/CR22/CR22.pdf,CR22.pdf,
DHS,Comparative Reports,CR23,Fertility Transition in Sub-Saharan Africa: A Comparative Analysis of Cohort Trends in 30 Countries (English),,,,https://dhsprogram.com/pubs/pdf/CR23/CR23.pdf,CR23.pdf,
DHS,Comparative Reports,CR24,Changes in HIV-Related Knowledge and Behaviors in Sub-Saharan Africa (English),,,,https://dhsprogram.com/pubs/pdf/CR24/CR24.pdf,CR24.pdf,
DHS,Comparative Reports,CR25,Desired Number of Children: 2000-2008 (English),,,,https://dhsprogram.com/pubs/pdf/CR25/CR25.pdf,CR25.pdf,
DHS,Comparative Reports,CR26,Levels and Trends in the Use of Maternal Health Services in Developing Countries (English),,,,https://dhsprogram.com/pubs/pdf/CR26/CR26.pdf,CR26.pdf,
DHS,Comparative Reports,CR27,Trends in Nutritional Status of Adult Women in Sub-Saharan Africa (English),,,,https://dhsprogram.com/pubs/pdf/CR27/CR27.pdf,CR27.pdf,
DHS,Comparative Reports,CR28,Trends in Birth Spacing (English),,,,https://dhsprogram.com/pubs/pdf/CR28/CR28.pdf,CR28.pdf,
DHS,Comparative Reports,CR28,Trends in Birth Spacing (English),,,,https://dhsprogram.com/pubs/pdf/CR28/CR28App.pdf,CR28App.pdf,
DHS,Comparative Reports,CR29,Trends in Adolescent Reproductive and Sexual Behaviors (English),,,,https://dhsprogram.com/pubs/pdf/CR29/CR29.pdf,CR29.pdf,
DHS,Comparative Reports,CR30,Demographic Patterns of HIV Testing Uptake in Sub-Saharan Africa (English),,,,https://dhsprogram.com/pubs/pdf/CR30/CR30.pdf,CR30.pdf,
DHS,Comparative Reports,CR31,Tobacco Use by Men and Women in 49 Countries with Demographic and Health Surveys (English),,,,https://dhsprogram.com/pubs/pdf/CR31/CR31.pdf,CR31.pdf,
DHS,Comparative Reports,CR32,Indicators of Child Deprivation in Sub-Saharan Africa: Levels and Trends from the Demographic and Health Surveys (English),,,,https://dhsprogram.com/pubs/pdf/CR32/CR32.pdf,CR32.pdf,
DHS,Comparative Reports,CR33,Female Genital Cutting: The Interpretation of Recent DHS Data (English),,,,https://dhsprogram.com/pubs/pdf/CR33/CR33.pdf,CR33.pdf,
DHS,Comparative Reports,CR34,Unmet Need for Family Planning among Young Women: Levels and Trends (English),,,,https://dhsprogram.com/pubs/pdf/CR34/CR34.pdf,CR34.pdf,
DHS,Comparative Reports,CR35,Child Survival by HIV Status of the Mother: Evidence from DHS and AIS Surveys (English),,,,https://dhsprogram.com/pubs/pdf/CR35/CR35.pdf,CR35.pdf,
DHS,Comparative Reports,CR36,Use of Family Planning in the Postpartum Period (English),,,,https://dhsprogram.com/pubs/pdf/CR36/CR36.pdf,CR36.pdf,
DHS,Comparative Reports,CR37,"The Prevalence of Household Risk Factors for Children Age 0-17, Estimated for 2000-2015 Using DHS and MICS Surveys (English)",,,,https://dhsprogram.com/pubs/pdf/CR37/CR37.pdf,CR37.pdf,
DHS,Comparative Reports,CR38,Levels and Trends in Care Seeking for Childhood Illness in USAID MCH Priority Countries (English),,,,https://dhsprogram.com/pubs/pdf/CR38/CR38.pdf,CR38.pdf,
DHS,Comparative Reports,CR39,Performance of Enzyme Immunoassays for HIV Serology in Surveys Conducted by The Demographic and Health Surveys Program (English),,,,https://dhsprogram.com/pubs/pdf/CR39/CR39.pdf,CR39.pdf,
DHS,Comparative Reports,CR40,"Urban Child Poverty, Health, and Survival in Low- and Middle-Income Countries (English)",,,,https://dhsprogram.com/pubs/pdf/CR40/CR40.App.B.pdf,CR40.App.B.pdf,
DHS,Comparative Reports,CR40,"Urban Child Poverty, Health, and Survival in Low- and Middle-Income Countries (English)",,,,https://dhsprogram.com/pubs/pdf/CR40/CR40.pdf,CR40.pdf,
DHS,Comparative Reports,CR41,"Levels and Trends in Newborn Care Service Availability and Readiness in Bangladesh, Haiti, Malawi, Senegal, and Tanzania (English)",,,,https://dhsprogram.com/pubs/pdf/CR41/CR41.pdf,CR41.pdf,
DHS,Comparative Reports,CR42,Levels and Trends in Maternal and Child Health Disparities by Wealth and Region in Eleven Countries with DHS Surveys (English),,,,https://dhsprogram.com/pubs/pdf/CR42/CR42.pdf,CR42.pdf,
DHS,Comparative Reports,CR43,Factors Associated with Prior Testing among HIV-Positive Adults in Sub-Saharan Africa (English),,,,https://dhsprogram.com/pubs/pdf/CR43/CR43.pdf,CR43.pdf,
DHS,Comparative Reports,CR44,"Women's Marital Status, Contraceptive Use, and Unmet Need in Sub-Saharan Africa, Latin America, and the Caribbean (English)",,,,https://dhsprogram.com/pubs/pdf/CR44/CR44.pdf,CR44.pdf,
DHS,Comparative Reports,CR45,Sexual and Reproductive Health in Early and Later Adolescence: DHS Data on Youth Age 10-19 (English),,,,https://dhsprogram.com/pubs/pdf/CR45/CR45.pdf,CR45.pdf,
DHS,Comparative Reports,CR46,Levels and Trends of Maternal and Child Health Indicators in 11 Middle East and North African Countries (English),,,,https://dhsprogram.com/pubs/pdf/CR46/CR46-NCDtables.pdf,CR46-NCDtables.pdf,
DHS,Comparative Reports,CR46,Levels and Trends of Maternal and Child Health Indicators in 11 Middle East and North African Countries (English),,,,https://dhsprogram.com/pubs/pdf/CR46/CR46.Algeria.pdf,CR46.Algeria.pdf,
DHS,Comparative Reports,CR46,Levels and Trends of Maternal and Child Health Indicators in 11 Middle East and North African Countries (English),,,,https://dhsprogram.com/pubs/pdf/CR46/CR46.Egypt.pdf,CR46.Egypt.pdf,
DHS,Comparative Reports,CR46,Levels and Trends of Maternal and Child Health Indicators in 11 Middle East and North African Countries (English),,,,https://dhsprogram.com/pubs/pdf/CR46/CR46.Iraq.pdf,CR46.Iraq.pdf,
DHS,Comparative Reports,CR46,Levels and Trends of Maternal and Child Health Indicators in 11 Middle East and North African Countries (English),,,,https://dhsprogram.com/pubs/pdf/CR46/CR46.Jordan.pdf,CR46.Jordan.pdf,
DHS,Comparative Reports,CR46,Levels and Trends of Maternal and Child Health Indicators in 11 Middle East and North African Countries (English),,,,https://dhsprogram.com/pubs/pdf/CR46/CR46.Lebanon.pdf,CR46.Lebanon.pdf,
DHS,Comparative Reports,CR46,Levels and Trends of Maternal and Child Health Indicators in 11 Middle East and North African Countries (English),,,,https://dhsprogram.com/pubs/pdf/CR46/CR46.Libya.pdf,CR46.Libya.pdf,
DHS,Comparative Reports,CR46,Levels and Trends of Maternal and Child Health Indicators in 11 Middle East and North African Countries (English),,,,https://dhsprogram.com/pubs/pdf/CR46/CR46.Morocco.pdf,CR46.Morocco.pdf,
DHS,Comparative Reports,CR46,Levels and Trends of Maternal and Child Health Indicators in 11 Middle East and North African Countries (English),,,,https://dhsprogram.com/pubs/pdf/CR46/CR46.Syria.pdf,CR46.Syria.pdf,
DHS,Comparative Reports,CR46,Levels and Trends of Maternal and Child Health Indicators in 11 Middle East and North African Countries (English),,,,https://dhsprogram.com/pubs/pdf/CR46/CR46.Tunisia.pdf,CR46.Tunisia.pdf,
DHS,Comparative Reports,CR46,Levels and Trends of Maternal and Child Health Indicators in 11 Middle East and North African Countries (English),,,,https://dhsprogram.com/pubs/pdf/CR46/CR46.WBG.pdf,CR46.WBG.pdf,
DHS,Comparative Reports,CR46,Levels and Trends of Maternal and Child Health Indicators in 11 Middle East and North African Countries (English),,,,https://dhsprogram.com/pubs/pdf/CR46/CR46.Yemen.pdf,CR46.Yemen.pdf,
DHS,Comparative Reports,CR46,Levels and Trends of Maternal and Child Health Indicators in 11 Middle East and North African Countries (English),,,,https://dhsprogram.com/pubs/pdf/CR46/CR46.pdf,CR46.pdf,
DHS,Comparative Reports,CR47,Adolescent Nutrition 2000-2017: DHS Data on Adolescents Age 15-19 (English),,,,https://dhsprogram.com/pubs/pdf/CR47/CR47.App.pdf,CR47.App.pdf,
DHS,Comparative Reports,CR47,Adolescent Nutrition 2000-2017: DHS Data on Adolescents Age 15-19 (English),,,,https://dhsprogram.com/pubs/pdf/CR47/CR47.pdf,CR47.pdf,
DHS,Comparative Reports,CR48,"Absolute Poverty, Fertility Preferences, and Family Planning Use in FP2020 Focus Countries (English)",,,,https://dhsprogram.com/pubs/pdf/CR48/CR48.pdf,CR48.pdf,
DHS,Comparative Reports,CR49,Facility-based Nutrition Readiness and Delivery of Maternal and Child Nutrition Services using Service Provision Assessment Surveys (English),,,,https://dhsprogram.com/pubs/pdf/CR49/CR49.SPA.NB.pdf,CR49.SPA.NB.pdf,
DHS,Comparative Reports,CR49,Facility-based Nutrition Readiness and Delivery of Maternal and Child Nutrition Services using Service Provision Assessment Surveys (English),,,,https://dhsprogram.com/pubs/pdf/CR49/CR49.pdf,CR49.pdf,
DHS,Comparative Reports,CR50,Levels and Trends of Infertility and Childlessness (English),,,,https://dhsprogram.com/pubs/pdf/CR50/CR50.pdf,CR50.pdf,
DHS,Comparative Reports,CR51,Profile and Correlates of Persons Living with Disability (English),,,,https://dhsprogram.com/pubs/pdf/CR51/CR51.pdf,CR51.pdf,
DHS,Comparative Reports,CR52,"Trends in Men’s Gender Attitudes: Progress, Backsliding, or Stagnation? (English)",,,,https://dhsprogram.com/pubs/pdf/CR52/CR52.pdf,CR52.pdf,
DHS,Methodological Reports,MR1,An Assessment of DHS-I Data Quality (English),,,,https://dhsprogram.com/pubs/pdf/MR1/MR1.pdf,MR1.pdf,
DHS,Methodological Reports,MR2,An Assessment of the Quality of Health Data in DHS-I Surveys (English),,,,https://dhsprogram.com/pubs/pdf/MR2/MR2.pdf,MR2.pdf,
DHS,Methodological Reports,MR3,Methods of Estimating Contraceptive Prevalence Rates for Small Areas: Applications in the Dominican Republic and Kenya (English),,,,https://dhsprogram.com/pubs/pdf/MR3/MR3.pdf,MR3.pdf,
DHS,Methodological Reports,MR4,Comparability of Questionnaires (English),,,,https://dhsprogram.com/pubs/pdf/MR4/MR4.pdf,MR4.pdf,
DHS,Methodological Reports,MR5,An Assessment of Age and Date Reporting in the DHS Surveys 1985-2003 (English),,,,https://dhsprogram.com/pubs/pdf/MR5/MR5.pdf,MR5.pdf,
DHS,Methodological Reports,MR6,"An Assessment of the Quality of Data on Health and Nutrition in the DHS Surveys, 1993-2003 (English)",,,,https://dhsprogram.com/pubs/pdf/MR6/MR6.pdf,MR6.pdf,
DHS,Methodological Reports,MR7,Measuring Concurrent Sexual Partnerships: Experience of the MEASURE DHS Project to Date (English),,,,https://dhsprogram.com/pubs/pdf/MR7/MR7.pdf,MR7.pdf,
DHS,Methodological Reports,MR8,Results of the Pilot Survey of an Experimental Module of Sexual Activity Questions (English),,,,https://dhsprogram.com/pubs/pdf/MR8/MR8.pdf,MR8.pdf,
DHS,Methodological Reports,MR9,Making the Demographic and Health Surveys Wealth Index Comparable (English),,,,https://dhsprogram.com/pubs/pdf/MR9/MR9.pdf,MR9.pdf,
DHS,Methodological Reports,MR10,Validity of Data on Self-reported HIV Status in Malawi and Uganda and Implications for Measurement of ARV Coverage (English),,,,https://dhsprogram.com/pubs/pdf/MR10/MR10.pdf,MR10.pdf,
DHS,Methodological Reports,MR11,Evidence of Omission and Displacement in DHS Birth Histories (English),,,,https://dhsprogram.com/pubs/pdf/MR11/MR11.pdf,MR11.pdf,
DHS,Methodological Reports,MR12,"Quality and Consistency of DHS Fertility Estimates, 1990 to 2012 (English)",,,,https://dhsprogram.com/pubs/pdf/MR12/MR12.pdf,MR12.pdf,
DHS,Methodological Reports,MR13,An Assessment of DHS Maternal Mortality Data and Estimates (English),,,,https://dhsprogram.com/pubs/pdf/MR13/MR13.pdf,MR13.pdf,
DHS,Methodological Reports,MR14,Potential Bias and Selectivity in Analyses of Children Born in the Past Five Years Using DHS Data (English),,,,https://dhsprogram.com/pubs/pdf/MR14/MR14.pdf,MR14.pdf,
DHS,Methodological Reports,MR15,Intertemporal Comparisons of Poverty and Wealth with DHS Data: A Harmonized Asset Index Approach (English),,,,https://dhsprogram.com/pubs/pdf/MR15/MR15.pdf,MR15.pdf,
DHS,Methodological Reports,MR16,"An Assessment of the Quality of DHS Anthropometric Data, 2005-2014 (English)",,,,https://dhsprogram.com/pubs/pdf/MR16/MR16.pdf,MR16.pdf,
DHS,Methodological Reports,MR17,Contraceptive Use and Perinatal Mortality in the DHS: An Assessment of the Quality and Consistency of Calendars and Histories (English),,,,https://dhsprogram.com/pubs/pdf/MR17/MR17.pdf,MR17.pdf,
DHS,Methodological Reports,MR18,Hemoglobin Data in DHS Surveys: Intrinsic Variation and Measurement Error (English),,,,https://dhsprogram.com/pubs/pdf/MR18/MR18.pdf,MR18.pdf,
DHS,Methodological Reports,MR19,"An Assessment of the Quality and Consistency of Age and Date Reporting in DHS Surveys, 2000-2015 (English)",,,,https://dhsprogram.com/pubs/pdf/MR19/MR19.pdf,MR19.pdf,
DHS,Methodological Reports,MR20,"A Comparison of Summary Measures of Quality of Service and Quality of Care for Family Planning in Haiti, Malawi, and Tanzania (English)",,,,https://dhsprogram.com/pubs/pdf/MR20/MR20.pdf,MR20.pdf,
DHS,Methodological Reports,MR21,Comparisons of DHS Estimates of Fertility and Mortality with Other Estimates (English),,,,https://dhsprogram.com/pubs/pdf/MR21/MR21.pdf,MR21.pdf,
DHS,Methodological Reports,MR22,Assessing the Impact of Imperfect Immunoassays on HIV Prevalence Estimates from Surveys Conducted by The DHS Program (English),,,,https://dhsprogram.com/pubs/pdf/MR22/MR22.pdf,MR22.pdf,
DHS,Methodological Reports,MR23,Methods to Estimate Under-15 Fertility Using Demographic and Health Surveys Data (English),,,,https://dhsprogram.com/pubs/pdf/MR23/MR23.pdf,MR23.pdf,
DHS,Methodological Reports,MR24,The Effect of Interviewer Characteristics on Data Quality in DHS Surveys (English),,,,https://dhsprogram.com/pubs/pdf/MR24/MR24.pdf,MR24.pdf,
DHS,Methodological Reports,MR25,Consistency of Reporting of Terminated Pregnancies in DHS Calendars (English),,,,https://dhsprogram.com/pubs/pdf/MR25/MR25.pdf,MR25.pdf,
DHS,Methodological Reports,MR26,Strategies to Assess the Quality of DHS Data (English),,,,https://dhsprogram.com/pubs/pdf/MR26/MR26.pdf,MR26.pdf,
DHS,Methodological Reports,MR27,Multilevel Modeling Using DHS Surveys: A Framework to Approximate Level-Weights (English),,,,https://dhsprogram.com/pubs/pdf/MR27/MR27.pdf,MR27.pdf,
DHS,Methodological Reports,MR28,"The Sensitivity of Anthropometric Estimates to Errors in the Measurement of Height, Weight, and Age for Children Under Five in Population-Based Surveys (English)",,,,https://dhsprogram.com/pubs/pdf/MR28/MR28.pdf,MR28.pdf,
DHS,Methodological Reports,MR29,Proposal of a Quality of Care Index (QOCI) (English),,,,https://dhsprogram.com/pubs/pdf/MR29/MR29.pdf,MR29.pdf,
DHS,Methodological Reports,MR30,Data Quality in Demographic and Health Surveys That Used Long and Short Questionnaires (English),,,,https://dhsprogram.com/pubs/pdf/MR30/MR30.pdf,MR30.pdf,
DHS,Methodological Reports,MR31,Measurement Approaches for Effective Coverage Estimation (English),,,,https://dhsprogram.com/pubs/pdf/MR31/MR31.pdf,MR31.pdf,
DHS,Methodological Reports,MR31,Measurement Approaches for Effective Coverage Estimation (English),,,,https://dhsprogram.com/pubs/pdf/MR31/MR31_ERRATA.pdf,MR31_ERRATA.pdf,
DHS,Methodological Reports,MR32,Modeling Interviewer Effects in DHS Surveys (English),,,,https://dhsprogram.com/pubs/pdf/MR32/MR32.pdf,MR32.pdf,
DHS,Methodological Reports,MR33,Evaluation of Implausible Anthropometric Values by Data Collection Team in Demographic and Health Surveys 2010–2020 (English),,,,https://dhsprogram.com/pubs/pdf/MR33/MR33.pdf,MR33.pdf,
DHS,Methodological Reports,MR34,Pregnancy History Model Analysis Plan: Determinants of Stillbirth (English),,,,https://dhsprogram.com/pubs/pdf/MR34/MR34.pdf,MR34.pdf,
DHS,Methodological Reports,MR35,Consistency of Pregnancy Outcome and Contraceptive Reporting Using the Pregnancy History Versus Birth History (English),,,,https://dhsprogram.com/pubs/pdf/MR35/MR35.pdf,MR35.pdf,
DHS,Methodological Reports,MR36,Pregnancy History Model Analysis Plan: Time to Live Birth After Non-live Birth Pregnancy Outcome (English),,,,https://dhsprogram.com/pubs/pdf/MR36/MR36.pdf,MR36.pdf,
DHS,Occasional Papers,OP1,An Evaluation of the Pakistan DHS Survey Based on the Reinterview Survey (English),,,,https://dhsprogram.com/pubs/pdf/OP1/OP1.pdf,OP1.pdf,
DHS,Occasional Papers,OP2,Autonomy and Egyptian Women: Findings from the 1988 Egypt Demographic and Health Survey (English),,,,https://dhsprogram.com/pubs/pdf/OP2/00FrontMatter.pdf,00FrontMatter.pdf,
DHS,Occasional Papers,OP2,Autonomy and Egyptian Women: Findings from the 1988 Egypt Demographic and Health Survey (English),,,,https://dhsprogram.com/pubs/pdf/OP2/01Chapter01.pdf,01Chapter01.pdf,
DHS,Occasional Papers,OP2,Autonomy and Egyptian Women: Findings from the 1988 Egypt Demographic and Health Survey (English),,,,https://dhsprogram.com/pubs/pdf/OP2/02Chapter02.pdf,02Chapter02.pdf,
DHS,Occasional Papers,OP2,Autonomy and Egyptian Women: Findings from the 1988 Egypt Demographic and Health Survey (English),,,,https://dhsprogram.com/pubs/pdf/OP2/03Chapter03.pdf,03Chapter03.pdf,
DHS,Occasional Papers,OP2,Autonomy and Egyptian Women: Findings from the 1988 Egypt Demographic and Health Survey (English),,,,https://dhsprogram.com/pubs/pdf/OP2/04Chapter04.pdf,04Chapter04.pdf,
DHS,Occasional Papers,OP2,Autonomy and Egyptian Women: Findings from the 1988 Egypt Demographic and Health Survey (English),,,,https://dhsprogram.com/pubs/pdf/OP2/05Chapter05.pdf,05Chapter05.pdf,
DHS,Occasional Papers,OP2,Autonomy and Egyptian Women: Findings from the 1988 Egypt Demographic and Health Survey (English),,,,https://dhsprogram.com/pubs/pdf/OP2/06Chapter06.pdf,06Chapter06.pdf,
DHS,Occasional Papers,OP2,Autonomy and Egyptian Women: Findings from the 1988 Egypt Demographic and Health Survey (English),,,,https://dhsprogram.com/pubs/pdf/OP2/07References.pdf,07References.pdf,
DHS,Occasional Papers,OP2,Autonomy and Egyptian Women: Findings from the 1988 Egypt Demographic and Health Survey (English),,,,https://dhsprogram.com/pubs/pdf/OP2/08Appendix1.pdf,08Appendix1.pdf,
DHS,Occasional Papers,OP2,Autonomy and Egyptian Women: Findings from the 1988 Egypt Demographic and Health Survey (English),,,,https://dhsprogram.com/pubs/pdf/OP2/09Appendix2.pdf,09Appendix2.pdf,
DHS,Occasional Papers,OP2,Autonomy and Egyptian Women: Findings from the 1988 Egypt Demographic and Health Survey (English),,,,https://dhsprogram.com/pubs/pdf/OP2/OP2.pdf,OP2.pdf,
DHS,Occasional Papers,OP3,Assessment of the Quality of Data Used for Direct Estimation of Infant and Child Mortality in DHS-II Surveys (English),,,,https://dhsprogram.com/pubs/pdf/OP3/OP3.pdf,OP3.pdf,
DHS,Occasional Papers,OP4,"An Assessment of the Quality of Data on Age at First Union, First Birth, and First Sexual Intercourse for Phase II of the Demographic and Health Surveys Program (English)",,,,https://dhsprogram.com/pubs/pdf/OP4/OP4.pdf,OP4.pdf,
DHS,Occasional Papers,OP5,Urban Women's Employment Trajectories in Ghana and Bolivia (English),,,,https://dhsprogram.com/pubs/pdf/OP5/OP5.pdf,OP5.pdf,
DHS,Occasional Papers,OP6,Costing the Standard Days Method (English),,,,https://dhsprogram.com/pubs/pdf/OP6/OP6.pdf,OP6.pdf,
DHS,Occasional Papers,OP7,"Cost-Effectiveness of Integrating PMTCT and MNCH Services: An Application of the LiST Model for Malawi, Mozambique, and Uganda (English)",,,,https://dhsprogram.com/pubs/pdf/OP7/OP7.pdf,OP7.pdf,
DHS,Occasional Papers,OP8,The Peru Continuous DHS Experience (English),,,,https://dhsprogram.com/pubs/pdf/OP8/OP8.pdf,OP8.pdf,
DHS,Occasional Papers,OP9,Youth Data Collection in DHS Surveys: An Overview (English),,,,https://dhsprogram.com/pubs/pdf/OP9/OP9.pdf,OP9.pdf,
DHS,Occasional Papers,OP10,The Measurement of Non-Communicable Diseases in 25 Countries with Demographic and Health Surveys (English),,,,https://dhsprogram.com/pubs/pdf/OP10/OP10.pdf,OP10.pdf,
DHS,Occasional Papers,OP11,Potential Implications of the Ghana and Nepal Follow-Up Studies for DHS Questionnaires and Fieldwork Procedures (English),,,,https://dhsprogram.com/pubs/pdf/OP11/OP11.pdf,OP11.pdf,
DHS,Occasional Papers,OP12,"Using Health Management Information Systems Data to Contextualize Survey-based Estimates of Fertility, Mortality, and Wasting (English)",,,,https://dhsprogram.com/pubs/pdf/OP12/OP12.pdf,OP12.pdf,
DHS,Occasional Papers,OP13,"Understanding the Link between Children's Living Arrangements and Children's Vulnerability, Care, and Well-being: The Role of Household-based Surveys (English)",,,,https://dhsprogram.com/pubs/pdf/OP13/OP13.pdf,OP13.pdf,
DHS,Occasional Papers,OP14,Review of Health Facility Referrals for Severe Malaria in DHS Program Surveys (English),,,,https://dhsprogram.com/pubs/pdf/OP14/OP14.pdf,OP14.pdf,
DHS,Occasional Papers,OP15,Collecting Diverse Data on Gender and Sexuality in Demographic and Health Surveys: An Overview (English),,,,https://dhsprogram.com/pubs/pdf/OP15/OP15.pdf,OP15.pdf,
DHS,Qualitative Research Studies,QRS1,"Contraceptive Practice in Quirino Province, Philippines: Experiences of Side Effects (English)",,,,https://dhsprogram.com/pubs/pdf/QRS1/00FrontMatter.pdf,00FrontMatter.pdf,
DHS,Qualitative Research Studies,QRS1,"Contraceptive Practice in Quirino Province, Philippines: Experiences of Side Effects (English)",,,,https://dhsprogram.com/pubs/pdf/QRS1/01Chapter01.pdf,01Chapter01.pdf,
DHS,Qualitative Research Studies,QRS1,"Contraceptive Practice in Quirino Province, Philippines: Experiences of Side Effects (English)",,,,https://dhsprogram.com/pubs/pdf/QRS1/02Chapter02.pdf,02Chapter02.pdf,
DHS,Qualitative Research Studies,QRS1,"Contraceptive Practice in Quirino Province, Philippines: Experiences of Side Effects (English)",,,,https://dhsprogram.com/pubs/pdf/QRS1/03Chapter03.pdf,03Chapter03.pdf,
DHS,Qualitative Research Studies,QRS1,"Contraceptive Practice in Quirino Province, Philippines: Experiences of Side Effects (English)",,,,https://dhsprogram.com/pubs/pdf/QRS1/04Chapter04.pdf,04Chapter04.pdf,
DHS,Qualitative Research Studies,QRS1,"Contraceptive Practice in Quirino Province, Philippines: Experiences of Side Effects (English)",,,,https://dhsprogram.com/pubs/pdf/QRS1/05Chapter05.pdf,05Chapter05.pdf,
DHS,Qualitative Research Studies,QRS1,"Contraceptive Practice in Quirino Province, Philippines: Experiences of Side Effects (English)",,,,https://dhsprogram.com/pubs/pdf/QRS1/06Chapter06.pdf,06Chapter06.pdf,
DHS,Qualitative Research Studies,QRS1,"Contraceptive Practice in Quirino Province, Philippines: Experiences of Side Effects (English)",,,,https://dhsprogram.com/pubs/pdf/QRS1/07Chapter07.pdf,07Chapter07.pdf,
DHS,Qualitative Research Studies,QRS1,"Contraceptive Practice in Quirino Province, Philippines: Experiences of Side Effects (English)",,,,https://dhsprogram.com/pubs/pdf/QRS1/08References.pdf,08References.pdf,
DHS,Qualitative Research Studies,QRS1,"Contraceptive Practice in Quirino Province, Philippines: Experiences of Side Effects (English)",,,,https://dhsprogram.com/pubs/pdf/QRS1/09Appendix.pdf,09Appendix.pdf,
DHS,Qualitative Research Studies,QRS1,"Contraceptive Practice in Quirino Province, Philippines: Experiences of Side Effects (English)",,,,https://dhsprogram.com/pubs/pdf/QRS1/QRS1.pdf,QRS1.pdf,
DHS,Qualitative Research Studies,QRS1,"Contraceptive Practice in Quirino Province, Philippines: Experiences of Side Effects (English)",,,,https://dhsprogram.com/pubs/pdf/QRS1/QualitativeFlyer.PDF,QualitativeFlyer.PDF,
DHS,Qualitative Research Studies,QRS2,"Female Genital Cutting and Coming of Age in Guinea (English, French)",,,,https://dhsprogram.com/pubs/pdf/QRS2/QRS2.pdf,QRS2.pdf,
DHS,Qualitative Research Studies,QRS2,"Female Genital Cutting and Coming of Age in Guinea (English, French)",,,,https://dhsprogram.com/pubs/pdf/QRS2/QualitativeFlyer2.PDF,QualitativeFlyer2.PDF,
DHS,Qualitative Research Studies,QRS3,Introducing Complementary Foods to Infants in Central Mali (English),,,,https://dhsprogram.com/pubs/pdf/QRS3/00FrontMatter.pdf,00FrontMatter.pdf,
DHS,Qualitative Research Studies,QRS3,Introducing Complementary Foods to Infants in Central Mali (English),,,,https://dhsprogram.com/pubs/pdf/QRS3/01Chapter01.pdf,01Chapter01.pdf,
DHS,Qualitative Research Studies,QRS3,Introducing Complementary Foods to Infants in Central Mali (English),,,,https://dhsprogram.com/pubs/pdf/QRS3/02Chapter02.pdf,02Chapter02.pdf,
DHS,Qualitative Research Studies,QRS3,Introducing Complementary Foods to Infants in Central Mali (English),,,,https://dhsprogram.com/pubs/pdf/QRS3/03Chapter03.pdf,03Chapter03.pdf,
DHS,Qualitative Research Studies,QRS3,Introducing Complementary Foods to Infants in Central Mali (English),,,,https://dhsprogram.com/pubs/pdf/QRS3/04Chapter04.pdf,04Chapter04.pdf,
DHS,Qualitative Research Studies,QRS3,Introducing Complementary Foods to Infants in Central Mali (English),,,,https://dhsprogram.com/pubs/pdf/QRS3/05Chapter05.pdf,05Chapter05.pdf,
DHS,Qualitative Research Studies,QRS3,Introducing Complementary Foods to Infants in Central Mali (English),,,,https://dhsprogram.com/pubs/pdf/QRS3/06Chapter06.pdf,06Chapter06.pdf,
DHS,Qualitative Research Studies,QRS3,Introducing Complementary Foods to Infants in Central Mali (English),,,,https://dhsprogram.com/pubs/pdf/QRS3/07Chapter07.pdf,07Chapter07.pdf,
DHS,Qualitative Research Studies,QRS3,Introducing Complementary Foods to Infants in Central Mali (English),,,,https://dhsprogram.com/pubs/pdf/QRS3/08Chapter08.pdf,08Chapter08.pdf,
DHS,Qualitative Research Studies,QRS3,Introducing Complementary Foods to Infants in Central Mali (English),,,,https://dhsprogram.com/pubs/pdf/QRS3/09Chapter09.pdf,09Chapter09.pdf,
DHS,Qualitative Research Studies,QRS3,Introducing Complementary Foods to Infants in Central Mali (English),,,,https://dhsprogram.com/pubs/pdf/QRS3/10Chapter10.pdf,10Chapter10.pdf,
DHS,Qualitative Research Studies,QRS3,Introducing Complementary Foods to Infants in Central Mali (English),,,,https://dhsprogram.com/pubs/pdf/QRS3/11References.pdf,11References.pdf,
DHS,Qualitative Research Studies,QRS3,Introducing Complementary Foods to Infants in Central Mali (English),,,,https://dhsprogram.com/pubs/pdf/QRS3/QRS3.pdf,QRS3.pdf,
DHS,Qualitative Research Studies,QRS3,Introducing Complementary Foods to Infants in Central Mali (English),,,,https://dhsprogram.com/pubs/pdf/QRS3/QualitativeFlyer3.PDF,QualitativeFlyer3.PDF,
DHS,Qualitative Research Studies,QRS4,Obtaining Informed Consent for HIV Testing: The DHS Experience in Mali (English),,,,https://dhsprogram.com/pubs/pdf/QRS4/InformedConsent.pdf,InformedConsent.pdf,
DHS,Qualitative Research Studies,QRS4,Obtaining Informed Consent for HIV Testing: The DHS Experience in Mali (English),,,,https://dhsprogram.com/pubs/pdf/QRS4/QRS4.pdf,QRS4.pdf,
DHS,Qualitative Research Studies,QRS5,Coping with Pregnancy; Experiences of Adolescents in Ga Mashi Accra (English),,,,https://dhsprogram.com/pubs/pdf/QRS5/QRS5.pdf,QRS5.pdf,
DHS,Qualitative Research Studies,QRS5,Coping with Pregnancy; Experiences of Adolescents in Ga Mashi Accra (English),,,,https://dhsprogram.com/pubs/pdf/QRS5/copingwithpregnancy.pdf,copingwithpregnancy.pdf,
DHS,Qualitative Research Studies,QRS5,Coping with Pregnancy; Experiences of Adolescents in Ga Mashi Accra (English),,,,https://dhsprogram.com/pubs/pdf/QRS5/qualitativeflyer5.pdf,qualitativeflyer5.pdf,
DHS,Qualitative Research Studies,QRS6,"Water, Koko, and Appetite: Complementary Feeding Practices in Kumasi, Ghana (English)",,,,https://dhsprogram.com/pubs/pdf/QRS6/ComplementaryFeedinginGhana.pdf,ComplementaryFeedinginGhana.pdf,
DHS,Qualitative Research Studies,QRS6,"Water, Koko, and Appetite: Complementary Feeding Practices in Kumasi, Ghana (English)",,,,https://dhsprogram.com/pubs/pdf/QRS6/QRS6.pdf,QRS6.pdf,
DHS,Qualitative Research Studies,QRS6,"Water, Koko, and Appetite: Complementary Feeding Practices in Kumasi, Ghana (English)",,,,https://dhsprogram.com/pubs/pdf/QRS6/QualitativeFlyer4.PDF,QualitativeFlyer4.PDF,
DHS,Qualitative Research Studies,QRS7,Obtenir le consentement éclaire pour le test VIH; L'expérience de l'Enquête Démographique et de Santé au Mali (French),,,,https://dhsprogram.com/pubs/pdf/QRS7/InformedConsentFr.pdf,InformedConsentFr.pdf,
DHS,Qualitative Research Studies,QRS7,Obtenir le consentement éclaire pour le test VIH; L'expérience de l'Enquête Démographique et de Santé au Mali (French),,,,https://dhsprogram.com/pubs/pdf/QRS7/QRS7.pdf,QRS7.pdf,
DHS,Qualitative Research Studies,QRS8,Voluntary Counselling and Testing (VCT) for HIV in Malawi: Public Perspectives and Recent VCT Experiences (English),,,,https://dhsprogram.com/pubs/pdf/QRS8/MalawiVCT.pdf,MalawiVCT.pdf,
DHS,Qualitative Research Studies,QRS8,Voluntary Counselling and Testing (VCT) for HIV in Malawi: Public Perspectives and Recent VCT Experiences (English),,,,https://dhsprogram.com/pubs/pdf/QRS8/QRS8.pdf,QRS8.pdf,
DHS,Qualitative Research Studies,QRS9,"Signs of Illness, Treatment, and Support for Young Children in Guinea: A Prospective Community Study (English)",,,,https://dhsprogram.com/pubs/pdf/QRS9/QRS9.pdf,QRS9.pdf,
DHS,Qualitative Research Studies,QRS10,Comprehension of Questions in the Tanzania AIDS Indicator Survey (English),,,,https://dhsprogram.com/pubs/pdf/QRS10/QRS-10.pdf,QRS-10.pdf,
DHS,Qualitative Research Studies,QRS10,Comprehension of Questions in the Tanzania AIDS Indicator Survey (English),,,,https://dhsprogram.com/pubs/pdf/QRS10/QRS10.pdf,QRS10.pdf,
DHS,Qualitative Research Studies,QRS11,"Factors that Influence Women's Uptake of PMTCT Interventions in Georgetown, Guyana (English)",,,,https://dhsprogram.com/pubs/pdf/QRS11/QRS11.pdf,QRS11.pdf,
DHS,Qualitative Research Studies,QRS12,Home-Based HIV Testing and Counselling in a Survey Context in Uganda (English),,,,https://dhsprogram.com/pubs/pdf/QRS12/QRS12.pdf,QRS12.pdf,
DHS,Qualitative Research Studies,QRS13,Social Dynamics of VCT and Disclosure in Uganda (English),,,,https://dhsprogram.com/pubs/pdf/QRS13/QRS13.a.pdf,QRS13.a.pdf,
DHS,Qualitative Research Studies,QRS13,Social Dynamics of VCT and Disclosure in Uganda (English),,,,https://dhsprogram.com/pubs/pdf/QRS13/QRS13.pdf,QRS13.pdf,
DHS,Qualitative Research Studies,QRS14,Integrating Family Planning and VCT Services in Ethiopia: Experiences of Health Care Providers (English),,,,https://dhsprogram.com/pubs/pdf/QRS14/QRS14.pdf,QRS14.pdf,
DHS,Qualitative Research Studies,QRS15,Social Context of Disclosing HIV Test Results: HIV Testing in Tanzania (English),,,,https://dhsprogram.com/pubs/pdf/QRS15/QRS15.pdf,QRS15.pdf,
DHS,Qualitative Research Studies,QRS16,"Alcohol Consumption, Sexual Partners, and HIV Transmission in Namibia (English)",,,,https://dhsprogram.com/pubs/pdf/QRS16/QRS16.pdf,QRS16.pdf,
DHS,Qualitative Research Studies,QRS17,Women's Recall of Delivery and Neonatal Care in Bangladesh and Malawi (English),,,,https://dhsprogram.com/pubs/pdf/QRS17/QRS17.pdf,QRS17.pdf,
DHS,Qualitative Research Studies,QRS18,The Use of Family Planning Methods in Mali: The How and Why of Taking Action (English),,,,https://dhsprogram.com/pubs/pdf/QRS18/QRS18.pdf,QRS18.pdf,
DHS,Qualitative Research Studies,QRS19,Determinants of the Duration of Birth Intervals in Tanzania: Regional Contrasts and Temporal Trends (English),,,,https://dhsprogram.com/pubs/pdf/QRS19/QRS19.pdf,QRS19.pdf,
DHS,Qualitative Research Studies,QRS20,Understanding Unmet Need in Ghana: Results from a Follow-up Study to the 2014 Ghana Demographic and Health Survey (English),,,,https://dhsprogram.com/pubs/pdf/QRS20/QRS20.pdf,QRS20.pdf,
DHS,Qualitative Research Studies,QRS21,Barriers to Family Planning Use in Eastern Nepal: Results from a Mixed Methods Study (English),,,,https://dhsprogram.com/pubs/pdf/QRS21/QRS21.pdf,QRS21.pdf,
DHS,Qualitative Research Studies,QRS22,"Place of Delivery: Perceptions, Tensions, and Experiences (English)",,,,https://dhsprogram.com/pubs/pdf/QRS22/QRS22.pdf,QRS22.pdf,
DHS,Qualitative Research Studies,QRS23,Enhancing Nutrition Data Quality in the DHS Program (English),,,,https://dhsprogram.com/pubs/pdf/QRS23/QRS23.pdf,QRS23.pdf,
DHS,Qualitative Research Studies,QRS24,"Agency, Consent and Coercion: Young People's Experiences of First Sex in Ashanti and Northern Regions, Ghana (English)",,,,https://dhsprogram.com/pubs/pdf/QRS24/QRS24.pdf,QRS24.pdf,
DHS,Qualitative Research Studies,QRS25,Implementation Lessons from Anthropometry: Data Quality Procedures in DHS Surveys (English),,,,https://dhsprogram.com/pubs/pdf/QRS25/QRS25.pdf,QRS25.pdf,
DHS,Qualitative Research Studies,QRS26,Nutrition Data Collection Procedures: Enhancements and Innovations (English),,,,https://dhsprogram.com/pubs/pdf/QRS26/QRS26.pdf,QRS26.pdf,
DHS,Spatial Analysis Reports,SAR1,West Africa Spatial Analysis Prototype Exploratory Analysis: Creating Social Borders from the WASAP Data Sets (English),,,,https://dhsprogram.com/pubs/pdf/SAR1/GIS1.pdf,GIS1.pdf,
DHS,Spatial Analysis Reports,SAR1,West Africa Spatial Analysis Prototype Exploratory Analysis: Creating Social Borders from the WASAP Data Sets (English),,,,https://dhsprogram.com/pubs/pdf/SAR1/SAR1.pdf,SAR1.pdf,
DHS,Spatial Analysis Reports,SAR2,West Africa Spatial Analysis Prototype Exploratory Analysis: The Effect of Aridity Zone on Child Nutritional Status (English),,,,https://dhsprogram.com/pubs/pdf/SAR2/GIS2.pdf,GIS2.pdf,
DHS,Spatial Analysis Reports,SAR2,West Africa Spatial Analysis Prototype Exploratory Analysis: The Effect of Aridity Zone on Child Nutritional Status (English),,,,https://dhsprogram.com/pubs/pdf/SAR2/SAR2.pdf,SAR2.pdf,
DHS,Spatial Analysis Reports,SAR3,West Africa Spatial Analysis Prototype Exploratory Analysis: The Effect of Settlement Zones and Economic Diversity on Reproductive Behavior in West Africa (English),,,,https://dhsprogram.com/pubs/pdf/SAR3/GIS3.pdf,GIS3.pdf,
DHS,Spatial Analysis Reports,SAR3,West Africa Spatial Analysis Prototype Exploratory Analysis: The Effect of Settlement Zones and Economic Diversity on Reproductive Behavior in West Africa (English),,,,https://dhsprogram.com/pubs/pdf/SAR3/SAR3.pdf,SAR3.pdf,
DHS,Spatial Analysis Reports,SAR4,West Africa Spatial Analysis Prototype Exploratory Analysis: Cluster Typing Procedures (English),,,,https://dhsprogram.com/pubs/pdf/SAR4/GIS4.pdf,GIS4.pdf,
DHS,Spatial Analysis Reports,SAR4,West Africa Spatial Analysis Prototype Exploratory Analysis: Cluster Typing Procedures (English),,,,https://dhsprogram.com/pubs/pdf/SAR4/SAR4.pdf,SAR4.pdf,
DHS,Spatial Analysis Reports,SAR5,Spatial Analysis of Childhood Mortality in West Africa (English),,,,https://dhsprogram.com/pubs/pdf/SAR5/GS1.pdf,GS1.pdf,
DHS,Spatial Analysis Reports,SAR5,Spatial Analysis of Childhood Mortality in West Africa (English),,,,https://dhsprogram.com/pubs/pdf/SAR5/SAR5.pdf,SAR5.pdf,
DHS,Spatial Analysis Reports,SAR6,Contextual Influences on the Use of Antenatal Care in Nepal (English),,,,https://dhsprogram.com/pubs/pdf/SAR6/GS2.pdf,GS2.pdf,
DHS,Spatial Analysis Reports,SAR6,Contextual Influences on the Use of Antenatal Care in Nepal (English),,,,https://dhsprogram.com/pubs/pdf/SAR6/SAR6.pdf,SAR6.pdf,
DHS,Spatial Analysis Reports,SAR7,Geographic Displacement Procedure and Georeferenced Data Release Policy for the Demographic and Health Surveys (English),,,,https://dhsprogram.com/pubs/pdf/SAR7/SAR7.pdf,SAR7.pdf,
DHS,Spatial Analysis Reports,SAR8,Guidelines on the Use of DHS GPS Data (English),,,,https://dhsprogram.com/pubs/pdf/SAR8/SAR8.pdf,SAR8.pdf,
DHS,Spatial Analysis Reports,SAR9,Spatial Interpolation with Demographic and Health Survey Data: Key Considerations (English),,,,https://dhsprogram.com/pubs/pdf/SAR9/SAR9.pdf,SAR9.pdf,
DHS,Spatial Analysis Reports,SAR10,Linking DHS Household and SPA Facility Surveys: Data Considerations and Geospatial Methods (English),,,,https://dhsprogram.com/pubs/pdf/SAR10/SAR10.pdf,SAR10.pdf,
DHS,Spatial Analysis Reports,SAR11,Creating Spatial Interpolation Surfaces with DHS Data (English),,,,https://dhsprogram.com/pubs/pdf/SAR11/SAR11.pdf,SAR11.pdf,
DHS,Spatial Analysis Reports,SAR12,Geographic Variation in Key Indicators of Maternal and Child Health Across 27 Countries in Sub-Saharan Africa (English),,,,https://dhsprogram.com/pubs/pdf/SAR12/SAR12.pdf,SAR12.pdf,
DHS,Spatial Analysis Reports,SAR12,Geographic Variation in Key Indicators of Maternal and Child Health Across 27 Countries in Sub-Saharan Africa (English),,,,https://dhsprogram.com/pubs/pdf/SAR12/SAR12_compact.pdf,SAR12_compact.pdf,
DHS,Spatial Analysis Reports,SAR13,Geospatial Modeling of Child Mortality across 27 Countries in Sub-Saharan Africa (English),,,,https://dhsprogram.com/pubs/pdf/SAR13/SAR13.pdf,SAR13.pdf,
DHS,Spatial Analysis Reports,SAR14,"Guidance for Use of The DHS Program Modeled Map Surfaces (English, French)",,,,https://dhsprogram.com/pubs/pdf/SAR14/SAR14.F.pdf,SAR14.F.pdf,
DHS,Spatial Analysis Reports,SAR14,"Guidance for Use of The DHS Program Modeled Map Surfaces (English, French)",,,,https://dhsprogram.com/pubs/pdf/SAR14/SAR14.pdf,SAR14.pdf,
DHS,Spatial Analysis Reports,SAR15,The DHS Program Modeled Map Surfaces: Understanding the Utility of Spatial Interpolation for Generating Indicators at Subnational Administrative Levels (English),,,,https://dhsprogram.com/pubs/pdf/SAR15/SAR15.pdf,SAR15.pdf,
DHS,Spatial Analysis Reports,SAR16,A Primer on The Demographic and Health Surveys Program Spatial Covariate Data and Their Applications (English),,,,https://dhsprogram.com/pubs/pdf/SAR16/SAR16.pdf,SAR16.pdf,
DHS,Spatial Analysis Reports,SAR17,Interpolation of DHS Survey Data at Subnational Administrative Level 2 (English),,,,https://dhsprogram.com/pubs/pdf/SAR17/SAR17.pdf,SAR17.pdf,
DHS,Spatial Analysis Reports,SAR18,Predicting HIV/AIDS at Subnational Levels using DHS Covariates related to HIV (English),,,,https://dhsprogram.com/pubs/pdf/SAR18/SAR18.pdf,SAR18.pdf,
DHS,Spatial Analysis Reports,SAR19,Geospatial Covariates: Proxies for Mapping Urban-Related Indicators (English),,,,https://dhsprogram.com/pubs/pdf/SAR19/SAR19.pdf,SAR19.pdf,
DHS,Spatial Analysis Reports,SAR20,Guidance and Recommendations for the Use of Indicator Estimates at Subnational Administrative Level 2 (English),,,,https://dhsprogram.com/pubs/pdf/SAR20/SAR20.pdf,SAR20.pdf,
DHS,Spatial Analysis Reports,SAR21,Spatial Modeling for Subnational Administrative Level 2 Small-Area Estimation (English),,,,https://dhsprogram.com/pubs/pdf/SAR21/SAR21.pdf,SAR21.pdf,
DHS,Spatial Analysis Reports,SAR21,Spatial Modeling for Subnational Administrative Level 2 Small-Area Estimation (English),,,,https://dhsprogram.com/pubs/pdf/SAR21/SASAR21.pdf,SASAR21.pdf,
DHS,Spatial Analysis Reports,SAR22,Modeling COVID-19 Related Indicators at the Second Subnational Administrative Level (English),,,,https://dhsprogram.com/pubs/pdf/SAR22/SAR22.pdf,SAR22.pdf,
DHS,Spatial Analysis Reports,SAR23,Community Improved Sanitation Coverage and Childhood Stunting (English),,,,https://dhsprogram.com/pubs/pdf/SAR23/SAR23.pdf,SAR23.pdf,
DHS,Analysis Briefs,AB1,"Place of Delivery: Perceptions, Tensions, and Experiences - Results from a Six-County Qualitative Study in Kenya (Analysis Brief) (English)",,,,https://dhsprogram.com/pubs/pdf/AB1/AB1.pdf,AB1.pdf,
DHS,Analysis Briefs,AB2,Maternal Health Indicators in High-Priority Counties of Kenya: Levels and Inequities (Analysis Brief) (English),,,,https://dhsprogram.com/pubs/pdf/AB2/AB2.pdf,AB2.pdf,
DHS,Analysis Briefs,AB3,Determinants of Maternal Care Seeking in Kenya (Analysis Brief) (English),,,,https://dhsprogram.com/pubs/pdf/AB3/AB3.pdf,AB3.pdf,
DHS,Analysis Briefs,AB3,Determinants of Maternal Care Seeking in Kenya (Analysis Brief) (English),,,,https://dhsprogram.com/pubs/pdf/AB3/FA111.pdf,FA111.pdf,
DHS,Analysis Briefs,AB4,Quality of Diagnostic Services for Non-Severe Suspected Malaria Cases: an analysis of national health facility surveys from Malawi and Tanzania (Analysis Brief) (English),,,,https://dhsprogram.com/pubs/pdf/AB4/AB4.pdf,AB4.pdf,
DHS,Analysis Briefs,AB5,Regional disparities in fertility preferences and demand for family planning satisfied by modern methods across levels of poverty (Analysis Brief) (English),,,,https://dhsprogram.com/pubs/pdf/AB5/AB5.pdf,AB5.pdf,
DHS,Analysis Briefs,AB6,The role of health facilities in supporting adherence to iron-folic acid supplementation during pregnancy (Analysis Brief) (English),,,,https://dhsprogram.com/pubs/pdf/AB6/AB6.pdf,AB6.pdf,
DHS,Analysis Briefs,AB7,Examining the Role of Health Facilities in Supporting Early Breastfeeding in Haiti and Malawi (Analysis Brief) (English),,,,https://dhsprogram.com/pubs/pdf/AB7/AB7.pdf,AB7.pdf,
DHS,Analysis Briefs,AB8,Examining the Quality of Family Planning Counseling through the 2017-2018 Haiti Service Provision Assessment Survey (SPA29) - Analysis Brief (English),,,,https://dhsprogram.com/pubs/pdf/AB8/AB8.pdf,AB8.pdf,
DHS,Analysis Briefs,AB9,A Focus on Burundi: Women's Contraceptive Profiles throughout the Life Course in Burundi and Nepal (AS72) Analysis Briefs (English),,,,https://dhsprogram.com/pubs/pdf/AB9/AB9.pdf,AB9.pdf,
DHS,Analysis Briefs,AB10,A Focus on Nepal: Women's Contraceptive Profiles throughout the Life Course in Burundi and Nepal (AS72) Analysis Briefs (English),,,,https://dhsprogram.com/pubs/pdf/AB10/AB10.pdf,AB10.pdf,
DHS,Analysis Briefs,AB11,Profils contraceptifs des femmes tout au long de leur vie au Burundi et au Népal (AS72) Analysis Briefs (French),,,,https://dhsprogram.com/pubs/pdf/AB11/AB11.pdf,AB11.pdf,
DHS,Analysis Briefs,AB12,Proposal of a Quality of Care Index (MR29) Analysis Brief (English),,,,https://dhsprogram.com/pubs/pdf/AB12/AB12.pdf,AB12.pdf,
DHS,Analysis Briefs,AB13,"Contraceptive Use, Method Mix, and Method Availability: A Multilevel Analysis (AS74) Analysis Brief (English)",,,,https://dhsprogram.com/pubs/pdf/AB13/AB13.pdf,AB13.pdf,
DHS,Analysis Briefs,AB14,"Variations in Health Outcomes with Alternative Measure of Urbanicity, Using Demographic and Health Surveys 2013-18 (AS73) Analysis Brief (English)",,,,https://dhsprogram.com/pubs/pdf/AB14/AB14.pdf,AB14.pdf,
DHS,Analysis Briefs,AB15,Typologies and Trajectories: A Descriptive Study of Men's Reproductive Life Course (AS75) Analysis Brief (English),,,,https://dhsprogram.com/pubs/pdf/AB15/AB15.pdf,AB15.pdf,
DHS,Analysis Briefs,AB16,Determinants of Health Insurance Coverage and Out-of-pocket Payments for Health Care in Jordan: Secondary Analysis of the 2017-18 JPFHS (FA138) Analysis Briefs (English),,,,https://dhsprogram.com/pubs/pdf/AB16/AB16.pdf,AB16.pdf,
DHS,Analysis Briefs,AB17,Data Quality in Demographic and Health Surveys That Used Long and Short Questionnaires (Analysis Brief) (English),,,,https://dhsprogram.com/pubs/pdf/AB17/AB17.pdf,AB17.pdf,
DHS,Analysis Briefs,AB18,Household Wealth Relative to Community Wealth: Associations with Specific Asset Ownership and Maternal and Child Health Indicators (AS76) - Analysis Brief (English),,,,https://dhsprogram.com/pubs/pdf/AB18/AB18.pdf,AB18.pdf,
DHS,Analysis Briefs,AB19,Further Analysis of Family Planning in Jordan (AB19) - Analysis Brief (English),,,,https://dhsprogram.com/pubs/pdf/AB19/AB19.pdf,AB19.pdf,
DHS,Analysis Briefs,AB20,Young Women's Empowerment and Fertility Intentions (AS77) - Analysis Brief (English),,,,https://dhsprogram.com/pubs/pdf/AB20/AB20.pdf,AB20.pdf,
DHS,Analysis Briefs,AB21,Levels and Trends of Infertility and Childlessness (CR50) and Correlates of Secondary Infertility (AS79) - Analysis Brief (English),,,,https://dhsprogram.com/pubs/pdf/AB21/AB21.pdf,AB21.pdf,
DHS,Analysis Briefs,AB22,Patterns of Reproductive Health among Women with Disabilities (AS80) - Analysis Brief (English),,,,https://dhsprogram.com/pubs/pdf/AB22/AB22.pdf,AB22.pdf,
DHS,Analysis Briefs,AB23,Profile and Correlates of Persons Living with Disability (CR51) - Analysis Brief (English),,,,https://dhsprogram.com/pubs/pdf/AB23/AB23.pdf,AB23.pdf,
DHS,Analysis Briefs,AB24,Urban Poverty and Child Health Indicators in Six African Countries with DHS Data (AS81) - Analysis Brief (English),,,,https://dhsprogram.com/pubs/pdf/AB24/AB24.pdf,AB24.pdf,
DHS,Analysis Briefs,AB24,Urban Poverty and Child Health Indicators in Six African Countries with DHS Data (AS81) - Analysis Brief (English),,,,https://dhsprogram.com/pubs/pdf/AB24/AB24_DRC.pdf,AB24_DRC.pdf,
DHS,Analysis Briefs,AB24,Urban Poverty and Child Health Indicators in Six African Countries with DHS Data (AS81) - Analysis Brief (English),,,,https://dhsprogram.com/pubs/pdf/AB24/AB24_Ethiopia.pdf,AB24_Ethiopia.pdf,
DHS,Analysis Briefs,AB24,Urban Poverty and Child Health Indicators in Six African Countries with DHS Data (AS81) - Analysis Brief (English),,,,https://dhsprogram.com/pubs/pdf/AB24/AB24_Kenya.pdf,AB24_Kenya.pdf,
DHS,Analysis Briefs,AB24,Urban Poverty and Child Health Indicators in Six African Countries with DHS Data (AS81) - Analysis Brief (English),,,,https://dhsprogram.com/pubs/pdf/AB24/AB24_Nigeria.pdf,AB24_Nigeria.pdf,
DHS,Analysis Briefs,AB24,Urban Poverty and Child Health Indicators in Six African Countries with DHS Data (AS81) - Analysis Brief (English),,,,https://dhsprogram.com/pubs/pdf/AB24/AB24_Tanzania.pdf,AB24_Tanzania.pdf,
DHS,Analysis Briefs,AB24,Urban Poverty and Child Health Indicators in Six African Countries with DHS Data (AS81) - Analysis Brief (English),,,,https://dhsprogram.com/pubs/pdf/AB24/AB24_Uganda.pdf,AB24_Uganda.pdf,
DHS,Analysis Briefs,AB25,Electrification and Refrigeration: Associations with Child Nutrition and Vaccination (AS85) - Analysis Brief (English),,,,https://dhsprogram.com/pubs/pdf/AB25/AB25.pdf,AB25.pdf,
DHS,Analysis Briefs,AB26,Modeling Interviewer Effects in DHS Surveys (MR32) - Analysis Brief (English),,,,https://dhsprogram.com/pubs/pdf/AB26/AB26.pdf,AB26.pdf,
DHS,Analysis Briefs,AB27,The Gender Digital Divide: Evidence from Demographic and Health Surveys (AS83)- Analysis Brief (English),,,,https://dhsprogram.com/pubs/pdf/AB27/AB27.pdf,AB27.pdf,
DHS,Analysis Briefs,AB28,The Relationship between Digital Access and Use and Health Outcomes: Evidence from Demographic and Health Surveys (AS86) - Analysis Brief (English),,,,https://dhsprogram.com/pubs/pdf/AB28/AB28.pdf,AB28.pdf,
DHS,Analysis Briefs,AB29,Internal Adult Women Migrants’ Use and Access to Health Services in 15 Countries (AS87) - Analysis Brief (English),,,,https://dhsprogram.com/pubs/pdf/AB29/AB29.pdf,AB29.pdf,
DHS,Analysis Briefs,AB30,The Effect of Fertility Behavior on Child Survival: Evidence from the Demographic and Health Surveys (AS88) - Analysis Brief (English),,,,https://dhsprogram.com/pubs/pdf/AB30/AB30.pdf,AB30.pdf,
DHS,Analysis Briefs,AB31,Community Improved Sanitation Coverage and Childhood Stunting (SAR23) - Analysis Brief (English),,,,https://dhsprogram.com/pubs/pdf/AB31/AB31.pdf,AB31.pdf,
DHS,Analysis Briefs,AB32,Consistency of Pregnancy Outcome and Contraceptive Reporting Using the Pregnancy History versus Birth History (MR35) - Analysis Brief (English),,,,https://dhsprogram.com/pubs/pdf/AB32/AB32.pdf,AB32.pdf,
DHS,Analysis Briefs,AB33,"Trends in Men’s Gender Attitudes: Progress, Backsliding,or Stagnation? (CR52) - Analysis Brief (English)",,,,https://dhsprogram.com/pubs/pdf/AB33/AB33.pdf,AB33.pdf,
DHS,Analysis Briefs,AB34,"Overview - Agency, Consent, and Coercion: Young People's Experiences of First Sex in Ashanti and Northern Regions, Ghana (QRS24) - Analysis Brief (English)",,,,https://dhsprogram.com/pubs/pdf/AB34/AB34.pdf,AB34.pdf,
DHS,Analysis Briefs,AB35,"Relationship Context of First Sex - Agency, Consent, and Coercion: Young People's Experiences of First Sex in Ashanti and Northern Regions, Ghana (QRS24) - Analysis Brief (English)",,,,https://dhsprogram.com/pubs/pdf/AB35/AB35.pdf,AB35.pdf,
DHS,Analysis Briefs,AB36,"Motivation for First Sex - Agency, Consent, and Coercion: Young People's Experiences of First Sex in Ashanti and Northern Regions, Ghana (QRS24) - Analysis Brief (English)",,,,https://dhsprogram.com/pubs/pdf/AB36/AB36.pdf,AB36.pdf,
DHS,Analysis Briefs,AB37,"Contraceptive Use at First Sex - Agency, Consent, and Coercion: Young People's Experiences of First Sex in Ashanti and Northern Regions, Ghana (QRS24) - Analysis Brief (English)",,,,https://dhsprogram.com/pubs/pdf/AB37/AB37.pdf,AB37.pdf,
DHS,Analysis Briefs,AB38,"Coercion at First Sex - Agency, Consent, and Coercion: Young People's Experiences of First Sex in Ashanti and Northern Regions, Ghana (QRS24) - Analysis Brief (English)",,,,https://dhsprogram.com/pubs/pdf/AB38/AB38.pdf,AB38.pdf,
DHS,Analysis Briefs,AB39,"Changes in Service Availability, Readiness, Process of Care, and Caregiver Satisfaction with Child Curative Services: A Comparison between the 2015 and 2021 Nepal Health Facility Surveys (FA146) - Analysis Brief (English)",,,,https://dhsprogram.com/pubs/pdf/AB39/AB39.pdf,AB39.pdf,
DHS,Analysis Briefs,AB41,"Changes in Service Availability, Readiness, Process of Care, and Client Satisfaction with Family Planning Services: A Comparison between the 2015 and 2021 Nepal Health Facility Surveys (FA147) - Analysis Brief (English)",,,,https://dhsprogram.com/pubs/pdf/AB41/AB41.pdf,AB41.pdf,
DHS,Analysis Briefs,AB42,Collecting Diverse Data on Gender and Sexuality in Demographic and Health Surveys: An Overview (OP15) – Analysis Brief (English),,,,https://dhsprogram.com/pubs/pdf/AB42/AB42.pdf,AB42.pdf,
DHS,Analysis Briefs,AB43,Effective Coverage in Urban Poor Areas (AS89) - Analysis Brief (English),,,,https://dhsprogram.com/pubs/pdf/AB43/AB43.pdf,AB43.pdf,
DHS,Policy Briefs,PB1,Pakistan Briefing Kit 2006-07 (English),,,,https://dhsprogram.com/pubs/pdf/PB1/Pakistan_2006-07_Briefing_Kit_all_6[PB1].pdf,Pakistan_2006-07_Briefing_Kit_all_6[PB1].pdf,
DHS,Policy Briefs,PB2,Eswatini Briefing Kit 2006-07 (English),,,,https://dhsprogram.com/pubs/pdf/PB2/Swaziland_2006-07_Briefing_Kit_all7[PB2].pdf,Swaziland_2006-07_Briefing_Kit_all7[PB2].pdf,
DHS,Policy Briefs,PB3,Uganda SPA Briefing Kit 2007 (English),,,,https://dhsprogram.com/pubs/pdf/PB3/PB3.pdf,PB3.pdf,
DHS,Policy Briefs,PB4,Namibia Briefing Kit 2006-07 (English),,,,https://dhsprogram.com/pubs/pdf/PB4/PB4.pdf,PB4.pdf,
DHS,Policy Briefs,PB5,Rwanda SPA Briefing Kit 2007 (English),,,,https://dhsprogram.com/pubs/pdf/PB5/PB5.pdf,PB5.pdf,
DHS,Policy Briefs,PB5,Rwanda SPA Briefing Kit 2007 (English),,,,https://dhsprogram.com/pubs/pdf/PB5/PB5f.pdf,PB5f.pdf,
DHS,Policy Briefs,PB6,Bangladesh Briefing Kit 2011 (English),,,,https://dhsprogram.com/pubs/pdf/PB6/PB6.pdf,PB6.pdf,
DHS,Policy Briefs,PB7,Tanzania AIS Briefing Kit 2011-12 (English),,,,https://dhsprogram.com/pubs/pdf/PB7/PB7.pdf,PB7.pdf,
DHS,Policy Briefs,PB8,Tajikistan Briefing Kit 2012 (English),,,,https://dhsprogram.com/pubs/pdf/PB8/PB8.pdf,PB8.pdf,
DHS,Policy Briefs,PB9,Kyrgyz Republic 2012 - Policy Briefs (English),,,,https://dhsprogram.com/pubs/pdf/PB9/PB9.pdf,PB9.pdf,
DHS,Policy Briefs,PB10,Bangladesh DHS 2014 - Policy Briefs (English),,,,https://dhsprogram.com/pubs/pdf/PB10/PB10.pdf,PB10.pdf,
DHS,Policy Briefs,PB11,"Egypt DHS 2014 - Policy Briefs (Arabic, English)",,,,https://dhsprogram.com/pubs/pdf/PB11/PB11.1.pdf,PB11.1.pdf,
DHS,Policy Briefs,PB11,"Egypt DHS 2014 - Policy Briefs (Arabic, English)",,,,https://dhsprogram.com/pubs/pdf/PB11/PB11.1A.pdf,PB11.1A.pdf,
DHS,Policy Briefs,PB11,"Egypt DHS 2014 - Policy Briefs (Arabic, English)",,,,https://dhsprogram.com/pubs/pdf/PB11/PB11.2.pdf,PB11.2.pdf,
DHS,Policy Briefs,PB11,"Egypt DHS 2014 - Policy Briefs (Arabic, English)",,,,https://dhsprogram.com/pubs/pdf/PB11/PB11.2A.pdf,PB11.2A.pdf,
DHS,Policy Briefs,PB11,"Egypt DHS 2014 - Policy Briefs (Arabic, English)",,,,https://dhsprogram.com/pubs/pdf/PB11/PB11.3.pdf,PB11.3.pdf,
DHS,Policy Briefs,PB11,"Egypt DHS 2014 - Policy Briefs (Arabic, English)",,,,https://dhsprogram.com/pubs/pdf/PB11/PB11.3A.pdf,PB11.3A.pdf,
DHS,Policy Briefs,PB12,Bangladesh 2014 Health Facility Survey - Policy Brief (English),,,,https://dhsprogram.com/pubs/pdf/PB12/PB12.pdf,PB12.pdf,
DHS,Policy Briefs,PB13,Tanzania Malaria Indicator Survey 2017 - Malaria Policy Briefs (English),,,,https://dhsprogram.com/pubs/pdf/PB13/PB13.pdf,PB13.pdf,
DHS,Policy Briefs,PB14,Ghana Maternal Health Survey 2017 - Research Policy Briefs (English),,,,https://dhsprogram.com/pubs/pdf/PB14/PB14.pdf,PB14.pdf,
DHS,Policy Briefs,PB15,Nigeria VASA 2024 - Policy Brief No. 1: Keeping Children Alive: Tackling Inequalities to Prevent Under-5 Deaths (English),,,,https://dhsprogram.com/pubs/pdf/PB15/PB15.pdf,PB15.pdf,
DHS,Policy Briefs,PB16,Nigeria VASA 2024 - Policy Brief No. 2: Saving Mothers’ Lives: Improving Access and Quality of Health Services to End Maternal Mortality (English),,,,https://dhsprogram.com/pubs/pdf/PB16/PB16.pdf,PB16.pdf,
